weather,seed,source,target,direction,R2,within_target,gap
nw,42,KagglePlant1_India,KagglePlant1_India,within,0.9835369315035036,0.9835369315035036,0.0
nw,42,Calyxo_CdTe,KagglePlant1_India,to-India,0.940005564544198,0.9835369315035036,0.043531366959305595
nw,42,Kyocera_polySi,KagglePlant1_India,to-India,0.9054502963176205,0.9835369315035036,0.0780866351858831
nw,42,NIST_Ground_monoSi,KagglePlant1_India,to-India,0.9636002573987443,0.9835369315035036,0.0199366741047593
nw,42,Trina_monoSi,KagglePlant1_India,to-India,0.932566084892165,0.9835369315035036,0.05097084661133866
nw,42,KagglePlant1_India,Calyxo_CdTe,from-India,0.9139384656544818,0.9561279681349709,0.04218950248048914
nw,42,KagglePlant1_India,Kyocera_polySi,from-India,0.8852614056066048,0.9490762990451852,0.06381489343858038
nw,42,KagglePlant1_India,NIST_Ground_monoSi,from-India,0.9540782704342443,0.9787564431802899,0.024678172746045557
nw,42,KagglePlant1_India,Trina_monoSi,from-India,0.8665946266384494,0.9212738791000534,0.05467925246160399
nw,1,KagglePlant1_India,KagglePlant1_India,within,0.9830182682818485,0.9830182682818485,0.0
nw,1,Calyxo_CdTe,KagglePlant1_India,to-India,0.9400145335191612,0.9830182682818485,0.04300373476268726
nw,1,Kyocera_polySi,KagglePlant1_India,to-India,0.9052587735004577,0.9830182682818485,0.07775949478139077
nw,1,NIST_Ground_monoSi,KagglePlant1_India,to-India,0.9638200115105625,0.9830182682818485,0.01919825677128595
nw,1,Trina_monoSi,KagglePlant1_India,to-India,0.9324097130443616,0.9830182682818485,0.05060855523748686
nw,1,KagglePlant1_India,Calyxo_CdTe,from-India,0.9140232108072948,0.9570656220070797,0.043042411199784913
nw,1,KagglePlant1_India,Kyocera_polySi,from-India,0.885369168325802,0.9497946309138103,0.0644254625880083
nw,1,KagglePlant1_India,NIST_Ground_monoSi,from-India,0.9541059444390244,0.9806148868165465,0.026508942377522104
nw,1,KagglePlant1_India,Trina_monoSi,from-India,0.866663619036792,0.9136310355079941,0.04696741647120206
nw,2,KagglePlant1_India,KagglePlant1_India,within,0.9929801182901632,0.9929801182901632,0.0
nw,2,Calyxo_CdTe,KagglePlant1_India,to-India,0.9399140251085101,0.9929801182901632,0.05306609318165312
nw,2,Kyocera_polySi,KagglePlant1_India,to-India,0.9054085393244587,0.9929801182901632,0.08757157896570444
nw,2,NIST_Ground_monoSi,KagglePlant1_India,to-India,0.9637663086241703,0.9929801182901632,0.02921380966599285
nw,2,Trina_monoSi,KagglePlant1_India,to-India,0.9323456530774576,0.9929801182901632,0.060634465212705546
nw,2,KagglePlant1_India,Calyxo_CdTe,from-India,0.9137703888073454,0.9594463810149072,0.0456759922075618
nw,2,KagglePlant1_India,Kyocera_polySi,from-India,0.8851628184851221,0.9481584427688667,0.06299562428374461
nw,2,KagglePlant1_India,NIST_Ground_monoSi,from-India,0.9541879688144109,0.9754683234912453,0.021280354676834423
nw,2,KagglePlant1_India,Trina_monoSi,from-India,0.866247693265639,0.9287392973289799,0.062491604063340866
nw,7,KagglePlant1_India,KagglePlant1_India,within,0.9935530486911301,0.9935530486911301,0.0
nw,7,Calyxo_CdTe,KagglePlant1_India,to-India,0.939740120769148,0.9935530486911301,0.05381292792198211
nw,7,Kyocera_polySi,KagglePlant1_India,to-India,0.905316026441363,0.9935530486911301,0.08823702224976715
nw,7,NIST_Ground_monoSi,KagglePlant1_India,to-India,0.9636916717806818,0.9935530486911301,0.029861376910448323
nw,7,Trina_monoSi,KagglePlant1_India,to-India,0.9323149918191342,0.9935530486911301,0.061238056871995905
nw,7,KagglePlant1_India,Calyxo_CdTe,from-India,0.913365896665598,0.9590104334528353,0.045644536787237344
nw,7,KagglePlant1_India,Kyocera_polySi,from-India,0.8845698620068564,0.9449543853339443,0.06038452332708788
nw,7,KagglePlant1_India,NIST_Ground_monoSi,from-India,0.9539133843948635,0.9818380660147509,0.02792468161988737
nw,7,KagglePlant1_India,Trina_monoSi,from-India,0.8658112885369423,0.8945383662041835,0.02872707766724114
nw,123,KagglePlant1_India,KagglePlant1_India,within,0.9836844671777166,0.9836844671777166,0.0
nw,123,Calyxo_CdTe,KagglePlant1_India,to-India,0.9404112593839324,0.9836844671777166,0.043273207793784185
nw,123,Kyocera_polySi,KagglePlant1_India,to-India,0.9053603629396781,0.9836844671777166,0.07832410423803848
nw,123,NIST_Ground_monoSi,KagglePlant1_India,to-India,0.9636088142463168,0.9836844671777166,0.02007565293139979
nw,123,Trina_monoSi,KagglePlant1_India,to-India,0.9324976934726614,0.9836844671777166,0.0511867737050552
nw,123,KagglePlant1_India,Calyxo_CdTe,from-India,0.9140210494393106,0.9590026711378091,0.04498162169849851
nw,123,KagglePlant1_India,Kyocera_polySi,from-India,0.8854646118669155,0.9508405713634621,0.06537595949654662
nw,123,KagglePlant1_India,NIST_Ground_monoSi,from-India,0.9540830516750349,0.9795456823335993,0.025462630658564356
nw,123,KagglePlant1_India,Trina_monoSi,from-India,0.8666727219070354,0.9211440409479081,0.05447131904087277
w,42,KagglePlant1_India,KagglePlant1_India,within,0.9832965999002826,0.9832965999002826,0.0
w,42,Calyxo_CdTe,KagglePlant1_India,to-India,0.907954197481992,0.9832965999002826,0.0753424024182906
w,42,Kyocera_polySi,KagglePlant1_India,to-India,0.8749256199794584,0.9832965999002826,0.10837097992082423
w,42,NIST_Ground_monoSi,KagglePlant1_India,to-India,0.9216684957330861,0.9832965999002826,0.06162810416719655
w,42,Trina_monoSi,KagglePlant1_India,to-India,0.8916804001050354,0.9832965999002826,0.09161619979524727
w,42,KagglePlant1_India,Calyxo_CdTe,from-India,0.8863404742890723,0.9723517152028227,0.08601124091375045
w,42,KagglePlant1_India,Kyocera_polySi,from-India,0.8536853254470123,0.9697263505092077,0.11604102506219549
w,42,KagglePlant1_India,NIST_Ground_monoSi,from-India,0.9071594794419442,0.9867349240576331,0.07957544461568888
w,42,KagglePlant1_India,Trina_monoSi,from-India,0.8287095024012385,0.9446016512106569,0.11589214880941834
w,1,KagglePlant1_India,KagglePlant1_India,within,0.9826318416575445,0.9826318416575445,0.0
w,1,Calyxo_CdTe,KagglePlant1_India,to-India,0.908692482880456,0.9826318416575445,0.07393935877708846
w,1,Kyocera_polySi,KagglePlant1_India,to-India,0.8759741178283265,0.9826318416575445,0.10665772382921801
w,1,NIST_Ground_monoSi,KagglePlant1_India,to-India,0.9207231604835295,0.9826318416575445,0.061908681174014935
w,1,Trina_monoSi,KagglePlant1_India,to-India,0.890709996904886,0.9826318416575445,0.09192184475265852
w,1,KagglePlant1_India,Calyxo_CdTe,from-India,0.8879838382894752,0.9720348695824415,0.0840510312929662
w,1,KagglePlant1_India,Kyocera_polySi,from-India,0.8562028795349121,0.9725516074761266,0.11634872794121442
w,1,KagglePlant1_India,NIST_Ground_monoSi,from-India,0.9161807027776948,0.9888107604762246,0.07263005769852982
w,1,KagglePlant1_India,Trina_monoSi,from-India,0.8292402203794926,0.9444702472228086,0.11523002684331596
w,2,KagglePlant1_India,KagglePlant1_India,within,0.9899381153646688,0.9899381153646688,0.0
w,2,Calyxo_CdTe,KagglePlant1_India,to-India,0.9074445829824341,0.9899381153646688,0.08249353238223467
w,2,Kyocera_polySi,KagglePlant1_India,to-India,0.8757610748810772,0.9899381153646688,0.11417704048359156
w,2,NIST_Ground_monoSi,KagglePlant1_India,to-India,0.9215001577877088,0.9899381153646688,0.06843795757696003
w,2,Trina_monoSi,KagglePlant1_India,to-India,0.8901319328383134,0.9899381153646688,0.09980618252635542
w,2,KagglePlant1_India,Calyxo_CdTe,from-India,0.8895406591287098,0.9755777782554863,0.08603711912677647
w,2,KagglePlant1_India,Kyocera_polySi,from-India,0.8571455994234306,0.9725161220750278,0.1153705226515972
w,2,KagglePlant1_India,NIST_Ground_monoSi,from-India,0.9167125269344896,0.9855341212474072,0.06882159431291768
w,2,KagglePlant1_India,Trina_monoSi,from-India,0.8306246198780192,0.9521295281961915,0.12150490831817229
w,7,KagglePlant1_India,KagglePlant1_India,within,0.992418075913875,0.992418075913875,0.0
w,7,Calyxo_CdTe,KagglePlant1_India,to-India,0.9075192484508856,0.992418075913875,0.08489882746298938
w,7,Kyocera_polySi,KagglePlant1_India,to-India,0.8756850330289712,0.992418075913875,0.11673304288490383
w,7,NIST_Ground_monoSi,KagglePlant1_India,to-India,0.921988705358987,0.992418075913875,0.07042937055488796
w,7,Trina_monoSi,KagglePlant1_India,to-India,0.8895277773173782,0.992418075913875,0.10289029859649679
w,7,KagglePlant1_India,Calyxo_CdTe,from-India,0.8783583619109288,0.9757289164897789,0.09737055457885013
w,7,KagglePlant1_India,Kyocera_polySi,from-India,0.8441053546468944,0.972134336068804,0.12802898142190955
w,7,KagglePlant1_India,NIST_Ground_monoSi,from-India,0.9014345238115405,0.9911778514688122,0.08974332765727167
w,7,KagglePlant1_India,Trina_monoSi,from-India,0.8203461434750972,0.9248804197213347,0.10453427624623757
w,123,KagglePlant1_India,KagglePlant1_India,within,0.9809202149661506,0.9809202149661506,0.0
w,123,Calyxo_CdTe,KagglePlant1_India,to-India,0.9070123279592712,0.9809202149661506,0.07390788700687934
w,123,Kyocera_polySi,KagglePlant1_India,to-India,0.8751383772052069,0.9809202149661506,0.10578183776094363
w,123,NIST_Ground_monoSi,KagglePlant1_India,to-India,0.9213096520586026,0.9809202149661506,0.05961056290754796
w,123,Trina_monoSi,KagglePlant1_India,to-India,0.8899731605542602,0.9809202149661506,0.09094705441189033
w,123,KagglePlant1_India,Calyxo_CdTe,from-India,0.8873426285477453,0.9753532829091158,0.08801065436137057
w,123,KagglePlant1_India,Kyocera_polySi,from-India,0.8531644592826308,0.9698938941460266,0.11672943486339571
w,123,KagglePlant1_India,NIST_Ground_monoSi,from-India,0.914608891880806,0.9886588154820078,0.07404992360120188
w,123,KagglePlant1_India,Trina_monoSi,from-India,0.8298798076639711,0.943315929984358,0.11343612232038691
