weather,source,seed,k,method,R2,gap,recovery
nw,Trina_monoSi,42,82,zero_shot,0.9285785107222122,0.05805086535533599,0.0
nw,Trina_monoSi,42,82,CORAL,0.9285785107222122,0.05805086535533599,0.0
nw,Trina_monoSi,42,82,importance_weight,0.9271183618563312,0.05805086535533599,-0.025152921613540713
nw,Trina_monoSi,42,82,few_shot_tree,0.9286605837551153,0.05805086535533599,0.0014138123936776232
nw,Trina_monoSi,42,82,mlp_finetune,0.9766458954660483,0.05805086535533599,0.8280218468684339
nw,Trina_monoSi,42,82,within_target,0.9866293760775482,0.05805086535533599,1.0
nw,Trina_monoSi,1,82,zero_shot,0.9283967554722548,0.05946521953603623,0.0
nw,Trina_monoSi,1,82,CORAL,0.9283967554722548,0.05946521953603623,0.0
nw,Trina_monoSi,1,82,importance_weight,0.9311750628960306,0.05946521953603623,0.0467215532954042
nw,Trina_monoSi,1,82,few_shot_tree,0.9301303424664314,0.05946521953603623,0.029152957101690878
nw,Trina_monoSi,1,82,mlp_finetune,0.9815386410526432,0.05946521953603623,0.8936633210978764
nw,Trina_monoSi,1,82,within_target,0.987861975008291,0.05946521953603623,1.0
nw,Trina_monoSi,2,82,zero_shot,0.929473913892949,0.06019849000106725,0.0
nw,Trina_monoSi,2,82,CORAL,0.929473913892949,0.06019849000106725,0.0
nw,Trina_monoSi,2,82,importance_weight,0.9278876463141017,0.06019849000106725,-0.026350620735157232
nw,Trina_monoSi,2,82,few_shot_tree,0.9295676893418892,0.06019849000106725,0.0015577707835947121
nw,Trina_monoSi,2,82,mlp_finetune,0.9814610420188687,0.06019849000106725,0.8635952185012962
nw,Trina_monoSi,2,82,within_target,0.9896724038940162,0.06019849000106725,1.0
nw,Trina_monoSi,7,82,zero_shot,0.9295765174716625,0.0625880719577947,0.0
nw,Trina_monoSi,7,82,CORAL,0.9295765174716625,0.0625880719577947,0.0
nw,Trina_monoSi,7,82,importance_weight,0.9327154834442721,0.0625880719577947,0.050152782701572377
nw,Trina_monoSi,7,82,few_shot_tree,0.9304587032910883,0.0625880719577947,0.014095110966522073
nw,Trina_monoSi,7,82,mlp_finetune,0.9801094980871128,0.0625880719577947,0.8073899552222418
nw,Trina_monoSi,7,82,within_target,0.9921645894294572,0.0625880719577947,1.0
nw,Trina_monoSi,123,82,zero_shot,0.9348972960634028,0.052409981801141536,0.0
nw,Trina_monoSi,123,82,CORAL,0.9348972960634028,0.052409981801141536,0.0
nw,Trina_monoSi,123,82,importance_weight,0.94042266342957,0.052409981801141536,0.10542585927871699
nw,Trina_monoSi,123,82,few_shot_tree,0.9348616991439721,0.052409981801141536,-0.0006792011408386714
nw,Trina_monoSi,123,82,mlp_finetune,0.9820985032604092,0.052409981801141536,0.9006148366183614
nw,Trina_monoSi,123,82,within_target,0.9873072778645443,0.052409981801141536,1.0
nw,NIST_Ground_monoSi,42,82,zero_shot,0.9600555598458105,0.026573816231737712,0.0
nw,NIST_Ground_monoSi,42,82,CORAL,0.9600555598458105,0.026573816231737712,0.0
nw,NIST_Ground_monoSi,42,82,importance_weight,0.9596716194263003,0.026573816231737712,-0.014448072349188112
nw,NIST_Ground_monoSi,42,82,few_shot_tree,0.9609555826304483,0.026573816231737712,0.03386878184108677
nw,NIST_Ground_monoSi,42,82,mlp_finetune,0.9717699767074215,0.026573816231737712,0.4408255389235444
nw,NIST_Ground_monoSi,42,82,within_target,0.9866293760775482,0.026573816231737712,1.0
nw,NIST_Ground_monoSi,1,82,zero_shot,0.9645462621479921,0.023315712860298876,0.0
nw,NIST_Ground_monoSi,1,82,CORAL,0.9645462621479921,0.023315712860298876,0.0
nw,NIST_Ground_monoSi,1,82,importance_weight,0.9648769878466399,0.023315712860298876,0.014184670253463698
nw,NIST_Ground_monoSi,1,82,few_shot_tree,0.966794723750827,0.023315712860298876,0.09643546462881128
nw,NIST_Ground_monoSi,1,82,mlp_finetune,0.9771881318278575,0.023315712860298876,0.5422038672208672
nw,NIST_Ground_monoSi,1,82,within_target,0.987861975008291,0.023315712860298876,1.0
nw,NIST_Ground_monoSi,2,82,zero_shot,0.9628501860174181,0.02682221787659811,0.0
nw,NIST_Ground_monoSi,2,82,CORAL,0.9628501860174181,0.02682221787659811,0.0
nw,NIST_Ground_monoSi,2,82,importance_weight,0.9626396133162334,0.02682221787659811,-0.007850681929195056
nw,NIST_Ground_monoSi,2,82,few_shot_tree,0.9639595279621497,0.02682221787659811,0.04135906843480819
nw,NIST_Ground_monoSi,2,82,mlp_finetune,0.9745682809107622,0.02682221787659811,0.4368801620826404
nw,NIST_Ground_monoSi,2,82,within_target,0.9896724038940162,0.02682221787659811,1.0
nw,NIST_Ground_monoSi,7,82,zero_shot,0.9596410095352194,0.03252357989423782,0.0
nw,NIST_Ground_monoSi,7,82,CORAL,0.9596410095352194,0.03252357989423782,0.0
nw,NIST_Ground_monoSi,7,82,importance_weight,0.9597181530564484,0.03252357989423782,0.0023719258913030544
nw,NIST_Ground_monoSi,7,82,few_shot_tree,0.9618543447150856,0.03252357989423782,0.06805324589309282
nw,NIST_Ground_monoSi,7,82,mlp_finetune,0.9719261153709223,0.03252357989423782,0.37772920064926535
nw,NIST_Ground_monoSi,7,82,within_target,0.9921645894294572,0.03252357989423782,1.0
nw,NIST_Ground_monoSi,123,82,zero_shot,0.965106839333616,0.022200438530928346,0.0
nw,NIST_Ground_monoSi,123,82,CORAL,0.965106839333616,0.022200438530928346,0.0
nw,NIST_Ground_monoSi,123,82,importance_weight,0.9633536590672439,0.022200438530928346,-0.07897052411508128
nw,NIST_Ground_monoSi,123,82,few_shot_tree,0.9653554454672879,0.022200438530928346,0.011198253283402645
nw,NIST_Ground_monoSi,123,82,mlp_finetune,0.9750977615905553,0.022200438530928346,0.45003265331991305
nw,NIST_Ground_monoSi,123,82,within_target,0.9873072778645443,0.022200438530928346,1.0
nw,AU+US pooled,42,82,zero_shot,0.9371394503698877,0.04948992570766053,0.0
nw,AU+US pooled,42,82,CORAL,0.9371394503698877,0.04948992570766053,0.0
nw,AU+US pooled,42,82,importance_weight,0.9380971843646082,0.04948992570766053,0.01935210006937426
nw,AU+US pooled,42,82,few_shot_tree,0.9372571175884654,0.04948992570766053,0.0023775994183709453
nw,AU+US pooled,42,82,mlp_finetune,0.9817771538321188,0.04948992570766053,0.9019553540231262
nw,AU+US pooled,42,82,within_target,0.9866293760775482,0.04948992570766053,1.0
nw,AU+US pooled,1,82,zero_shot,0.9418023094700035,0.04605966553828744,0.0
nw,AU+US pooled,1,82,CORAL,0.9418023094700035,0.04605966553828744,0.0
nw,AU+US pooled,1,82,importance_weight,0.9426283724899169,0.04605966553828744,0.01793462914372926
nw,AU+US pooled,1,82,few_shot_tree,0.9419171642852961,0.04605966553828744,0.002493609407500687
nw,AU+US pooled,1,82,mlp_finetune,0.9862129844525287,0.04605966553828744,0.9641988161118636
nw,AU+US pooled,1,82,within_target,0.987861975008291,0.04605966553828744,1.0
nw,AU+US pooled,2,82,zero_shot,0.9408025346740927,0.048869869219923534,0.0
nw,AU+US pooled,2,82,CORAL,0.9408025346740927,0.048869869219923534,0.0
nw,AU+US pooled,2,82,importance_weight,0.9408634594404518,0.048869869219923534,0.0012466734069807354
nw,AU+US pooled,2,82,few_shot_tree,0.9407150597456246,0.048869869219923534,-0.0017899562627107304
nw,AU+US pooled,2,82,mlp_finetune,0.988166652756129,0.048869869219923534,0.9691885580640488
nw,AU+US pooled,2,82,within_target,0.9896724038940162,0.048869869219923534,1.0
nw,AU+US pooled,7,82,zero_shot,0.9386724418814664,0.05349214754799081,0.0
nw,AU+US pooled,7,82,CORAL,0.9386724418814664,0.05349214754799081,0.0
nw,AU+US pooled,7,82,importance_weight,0.9398395744129611,0.05349214754799081,0.021818763781125006
nw,AU+US pooled,7,82,few_shot_tree,0.9389118813455829,0.05349214754799081,0.004476160989829701
nw,AU+US pooled,7,82,mlp_finetune,0.9873761585677,0.05349214754799081,0.9104834806368317
nw,AU+US pooled,7,82,within_target,0.9921645894294572,0.05349214754799081,1.0
nw,AU+US pooled,123,82,zero_shot,0.9462625961001379,0.041044681764406454,0.0
nw,AU+US pooled,123,82,CORAL,0.9462625961001379,0.041044681764406454,0.0
nw,AU+US pooled,123,82,importance_weight,0.9470429653455628,0.041044681764406454,0.01901267623182388
nw,AU+US pooled,123,82,few_shot_tree,0.9461138804426896,0.041044681764406454,-0.0036232625289153346
nw,AU+US pooled,123,82,mlp_finetune,0.9864722197184035,0.041044681764406454,0.9796549002149902
nw,AU+US pooled,123,82,within_target,0.9873072778645443,0.041044681764406454,1.0
w,Trina_monoSi,42,82,zero_shot,0.8730217433589122,0.11508212753141156,0.0
w,Trina_monoSi,42,82,CORAL,0.7074814367641702,0.11508212753141156,-1.4384536517154498
w,Trina_monoSi,42,82,importance_weight,0.8697388607793277,0.11508212753141156,-0.028526432818062684
w,Trina_monoSi,42,82,few_shot_tree,0.8822416010965536,0.11508212753141156,0.08011546132673628
w,Trina_monoSi,42,82,mlp_finetune,0.9203088015892689,0.11508212753141156,0.4108983666247364
w,Trina_monoSi,42,82,within_target,0.9881038708903238,0.11508212753141156,1.0
w,Trina_monoSi,1,82,zero_shot,0.888407059455354,0.09943784104539011,0.0
w,Trina_monoSi,1,82,CORAL,0.8026683294817841,0.09943784104539011,-0.8622344277812004
w,Trina_monoSi,1,82,importance_weight,0.8804447834008144,0.09943784104539011,-0.08007289750895806
w,Trina_monoSi,1,82,few_shot_tree,0.8975754925699766,0.09943784104539011,0.09220265663689818
w,Trina_monoSi,1,82,mlp_finetune,0.9317971711682886,0.09943784104539011,0.43635412089375963
w,Trina_monoSi,1,82,within_target,0.9878449005007441,0.09943784104539011,1.0
w,Trina_monoSi,2,82,zero_shot,0.8887842305673218,0.09965141779495079,0.0
w,Trina_monoSi,2,82,CORAL,0.7693713318065729,0.09965141779495079,-1.198306069327188
w,Trina_monoSi,2,82,importance_weight,0.8826209414097084,0.09965141779495079,-0.06184848438679941
w,Trina_monoSi,2,82,few_shot_tree,0.8956485699735242,0.09965141779495079,0.06888350971911765
w,Trina_monoSi,2,82,mlp_finetune,0.9328842879065509,0.09965141779495079,0.44254320023797544
w,Trina_monoSi,2,82,within_target,0.9884356483622726,0.09965141779495079,1.0
w,Trina_monoSi,7,82,zero_shot,0.8820363621406236,0.11007918843379483,0.0
w,Trina_monoSi,7,82,CORAL,0.7857916966762406,0.11007918843379483,-0.8743220842536251
w,Trina_monoSi,7,82,importance_weight,0.883164112794799,0.11007918843379483,0.010244903421082443
w,Trina_monoSi,7,82,few_shot_tree,0.8903355603726464,0.11007918843379483,0.0753929816353447
w,Trina_monoSi,7,82,mlp_finetune,0.9279822122480152,0.11007918843379483,0.4173890701876397
w,Trina_monoSi,7,82,within_target,0.9921155505744185,0.11007918843379483,1.0
w,Trina_monoSi,123,82,zero_shot,0.899170323633244,0.08697766872919288,0.0
w,Trina_monoSi,123,82,CORAL,0.8422765678060002,0.08697766872919288,-0.654119116533048
w,Trina_monoSi,123,82,importance_weight,0.8945446231680371,0.08697766872919288,-0.05318262184755919
w,Trina_monoSi,123,82,few_shot_tree,0.9052864428354701,0.08697766872919288,0.0703182700983719
w,Trina_monoSi,123,82,mlp_finetune,0.9357493409323799,0.08697766872919288,0.4205564236611768
w,Trina_monoSi,123,82,within_target,0.9861479923624369,0.08697766872919288,1.0
w,NIST_Ground_monoSi,42,82,zero_shot,0.9121107042905717,0.07599316659975208,0.0
w,NIST_Ground_monoSi,42,82,CORAL,0.9217949888778594,0.07599316659975208,0.1274362553977221
w,NIST_Ground_monoSi,42,82,importance_weight,0.916301881269769,0.07599316659975208,0.05515202440861196
w,NIST_Ground_monoSi,42,82,few_shot_tree,0.9221241872720124,0.07599316659975208,0.13176820271460218
w,NIST_Ground_monoSi,42,82,mlp_finetune,0.9453723641224616,0.07599316659975208,0.4376927731815087
w,NIST_Ground_monoSi,42,82,within_target,0.9881038708903238,0.07599316659975208,1.0
w,NIST_Ground_monoSi,1,82,zero_shot,0.9275005601965396,0.06034434030420455,0.0
w,NIST_Ground_monoSi,1,82,CORAL,0.9015227474232987,0.06034434030420455,-0.4304929450265416
w,NIST_Ground_monoSi,1,82,importance_weight,0.930714298720044,0.06034434030420455,0.05325666843490959
w,NIST_Ground_monoSi,1,82,few_shot_tree,0.9363952614817461,0.06034434030420455,0.14739909725364556
w,NIST_Ground_monoSi,1,82,mlp_finetune,0.9544972871829943,0.06034434030420455,0.4473779454769133
w,NIST_Ground_monoSi,1,82,within_target,0.9878449005007441,0.06034434030420455,1.0
w,NIST_Ground_monoSi,2,82,zero_shot,0.9220083881850992,0.06642726017717338,0.0
w,NIST_Ground_monoSi,2,82,CORAL,0.9079537676787542,0.06642726017717338,-0.21157910877038733
w,NIST_Ground_monoSi,2,82,importance_weight,0.924980865920612,0.06642726017717338,0.04474785995364947
w,NIST_Ground_monoSi,2,82,few_shot_tree,0.9311590776472181,0.06642726017717338,0.1377550336670865
w,NIST_Ground_monoSi,2,82,mlp_finetune,0.9505384779486984,0.06642726017717338,0.4294937001391344
w,NIST_Ground_monoSi,2,82,within_target,0.9884356483622726,0.06642726017717338,1.0
w,NIST_Ground_monoSi,7,82,zero_shot,0.9097614092991386,0.08235414127527985,0.0
w,NIST_Ground_monoSi,7,82,CORAL,0.9334721375652797,0.08235414127527985,0.28791179045732207
w,NIST_Ground_monoSi,7,82,importance_weight,0.9110834258425944,0.08235414127527985,0.016052824095836818
w,NIST_Ground_monoSi,7,82,few_shot_tree,0.919197310027946,0.08235414127527985,0.11457712487422614
w,NIST_Ground_monoSi,7,82,mlp_finetune,0.942348183288132,0.08235414127527985,0.395690775040294
w,NIST_Ground_monoSi,7,82,within_target,0.9921155505744185,0.08235414127527985,1.0
w,NIST_Ground_monoSi,123,82,zero_shot,0.9272054213864648,0.05894257097597211,0.0
w,NIST_Ground_monoSi,123,82,CORAL,0.9198163687279745,0.05894257097597211,-0.12536020292536046
w,NIST_Ground_monoSi,123,82,importance_weight,0.929304611254347,0.05894257097597211,0.035614155153462855
w,NIST_Ground_monoSi,123,82,few_shot_tree,0.9340017718061123,0.05894257097597211,0.11530461442576151
w,NIST_Ground_monoSi,123,82,mlp_finetune,0.9544472638357242,0.05894257097597211,0.46217601299347016
w,NIST_Ground_monoSi,123,82,within_target,0.9861479923624369,0.05894257097597211,1.0
w,AU+US pooled,42,82,zero_shot,0.8889485871189385,0.09915528377138527,0.0
w,AU+US pooled,42,82,CORAL,0.7518913610563763,0.09915528377138527,-1.3822483366450198
w,AU+US pooled,42,82,importance_weight,0.8885326466987107,0.09915528377138527,-0.004194838685418499
w,AU+US pooled,42,82,few_shot_tree,0.8916281101156633,0.09915528377138527,0.0270235018731102
w,AU+US pooled,42,82,mlp_finetune,0.9175418805837736,0.09915528377138527,0.2883688329787895
w,AU+US pooled,42,82,within_target,0.9881038708903238,0.09915528377138527,1.0
w,AU+US pooled,1,82,zero_shot,0.9055245847289852,0.08232031577175891,0.0
w,AU+US pooled,1,82,CORAL,0.7701431771620199,0.08232031577175891,-1.6445686134431687
w,AU+US pooled,1,82,importance_weight,0.9054410278720609,0.08232031577175891,-0.0010150210934074093
w,AU+US pooled,1,82,few_shot_tree,0.9072346567021349,0.08232031577175891,0.020773389376821546
w,AU+US pooled,1,82,mlp_finetune,0.9318429258798578,0.08232031577175891,0.3197065135639515
w,AU+US pooled,1,82,within_target,0.9878449005007441,0.08232031577175891,1.0
w,AU+US pooled,2,82,zero_shot,0.9028883812925381,0.08554726706973448,0.0
w,AU+US pooled,2,82,CORAL,0.7817103885251222,0.08554726706973448,-1.4165033778184497
w,AU+US pooled,2,82,importance_weight,0.9050687228461942,0.08554726706973448,0.025486980804176645
w,AU+US pooled,2,82,few_shot_tree,0.9053531518305233,0.08554726706973448,0.028811797529148902
w,AU+US pooled,2,82,mlp_finetune,0.9302283182932646,0.08554726706973448,0.31958866644378137
w,AU+US pooled,2,82,within_target,0.9884356483622726,0.08554726706973448,1.0
w,AU+US pooled,7,82,zero_shot,0.8919712107976359,0.10014433977678261,0.0
w,AU+US pooled,7,82,CORAL,0.7865580440876243,0.10014433977678261,-1.0526123288143188
w,AU+US pooled,7,82,importance_weight,0.8901766541828446,0.10014433977678261,-0.017919700891645095
w,AU+US pooled,7,82,few_shot_tree,0.8947219078087109,0.10014433977678261,0.027467323836835738
w,AU+US pooled,7,82,mlp_finetune,0.9242344358291688,0.10014433977678261,0.3221672348476831
w,AU+US pooled,7,82,within_target,0.9921155505744185,0.10014433977678261,1.0
w,AU+US pooled,123,82,zero_shot,0.9116676601510377,0.07448033221139916,0.0
w,AU+US pooled,123,82,CORAL,0.8153657563108606,0.07448033221139916,-1.2929843487652728
w,AU+US pooled,123,82,importance_weight,0.9125605889174458,0.07448033221139916,0.011988786031105493
w,AU+US pooled,123,82,few_shot_tree,0.9129183846127042,0.07448033221139916,0.016792681027745157
w,AU+US pooled,123,82,mlp_finetune,0.934731040586754,0.07448033221139916,0.3096573249734577
w,AU+US pooled,123,82,within_target,0.9861479923624369,0.07448033221139916,1.0
