weather,source,seed,k,method,R2,zero,within,gap,recovery,gain_a
nw,Trina_monoSi,42,5,gain,0.9531274080815604,0.9285785107222122,0.9866293760775482,0.05805086535533599,0.4228859847149834,1.1472147982491534
nw,Trina_monoSi,42,5,tree,0.9286471646674125,0.9285785107222122,0.9866293760775482,0.05805086535533599,0.0011826515380958123,1.1472147982491534
nw,Trina_monoSi,42,5,mlp,0.9448573601862027,0.9285785107222122,0.9866293760775482,0.05805086535533599,0.2804238897102704,1.1472147982491534
nw,Trina_monoSi,42,10,gain,0.9585867893993043,0.9285785107222122,0.9866293760775482,0.05805086535533599,0.5169307725803568,1.128865882215262
nw,Trina_monoSi,42,10,tree,0.928059306661941,0.9285785107222122,0.9866293760775482,0.05805086535533599,-0.00894395039751888,1.128865882215262
nw,Trina_monoSi,42,10,mlp,0.9762261408533032,0.9285785107222122,0.9866293760775482,0.05805086535533599,0.8207910397103363,1.128865882215262
nw,Trina_monoSi,42,20,gain,0.9603699453113955,0.9285785107222122,0.9866293760775482,0.05805086535533599,0.5476479014496047,1.1199127598612566
nw,Trina_monoSi,42,20,tree,0.9280894024090234,0.9285785107222122,0.9866293760775482,0.05805086535533599,-0.00842551287039282,1.1199127598612566
nw,Trina_monoSi,42,20,mlp,0.9758566183501609,0.9285785107222122,0.9866293760775482,0.05805086535533599,0.8144255445384664,1.1199127598612566
nw,Trina_monoSi,42,40,gain,0.9609692438663966,0.9285785107222122,0.9866293760775482,0.05805086535533599,0.5579715814039464,1.1159900267533893
nw,Trina_monoSi,42,40,tree,0.9269243474386265,0.9285785107222122,0.9866293760775482,0.05805086535533599,-0.028495066756720575,1.1159900267533893
nw,Trina_monoSi,42,40,mlp,0.9760254493667921,0.9285785107222122,0.9866293760775482,0.05805086535533599,0.8173338735633275,1.1159900267533893
nw,Trina_monoSi,42,82,gain,0.961684832670911,0.9285785107222122,0.9866293760775482,0.05805086535533599,0.5702985088344712,1.1098484413266414
nw,Trina_monoSi,42,82,tree,0.9281747811276491,0.9285785107222122,0.9866293760775482,0.05805086535533599,-0.0069547558351088345,1.1098484413266414
nw,Trina_monoSi,42,82,mlp,0.9766279541512748,0.9285785107222122,0.9866293760775482,0.05805086535533599,0.8277127848990097,1.1098484413266414
nw,Trina_monoSi,42,165,gain,0.9621686229402064,0.9285785107222122,0.9866293760775482,0.05805086535533599,0.5786324116339234,1.1028571932790927
nw,Trina_monoSi,42,165,tree,0.9308502252092139,0.9285785107222122,0.9866293760775482,0.05805086535533599,0.039133171798495556,1.1028571932790927
nw,Trina_monoSi,42,165,mlp,0.9791314719989495,0.9285785107222122,0.9866293760775482,0.05805086535533599,0.8708390644531617,1.1028571932790927
nw,Trina_monoSi,42,247,gain,0.9619955499239313,0.9285785107222122,0.9866293760775482,0.05805086535533599,0.5756510087691131,1.1059875251871187
nw,Trina_monoSi,42,247,tree,0.9354577390150064,0.9285785107222122,0.9866293760775482,0.05805086535533599,0.11850345814288296,1.1059875251871187
nw,Trina_monoSi,42,247,mlp,0.986215060632568,0.9285785107222122,0.9866293760775482,0.05805086535533599,0.9928628894256082,1.1059875251871187
nw,Trina_monoSi,1,5,gain,0.9571784974536621,0.9283967554722548,0.987861975008291,0.05946521953603623,0.48400968172606323,1.0646331529359017
nw,Trina_monoSi,1,5,tree,0.9281383561955222,0.9283967554722548,0.987861975008291,0.05946521953603623,-0.004345385062876204,1.0646331529359017
nw,Trina_monoSi,1,5,mlp,0.9780384240097423,0.9283967554722548,0.987861975008291,0.05946521953603623,0.8348017366252961,1.0646331529359017
nw,Trina_monoSi,1,10,gain,0.9598494529048995,0.9283967554722548,0.987861975008291,0.05946521953603623,0.5289259449144771,1.0774947762143754
nw,Trina_monoSi,1,10,tree,0.9283803719482446,0.9283967554722548,0.987861975008291,0.05946521953603623,-0.0002755143954390562,1.0774947762143754
nw,Trina_monoSi,1,10,mlp,0.9788844435884793,0.9283967554722548,0.987861975008291,0.05946521953603623,0.8490288694827521,1.0774947762143754
nw,Trina_monoSi,1,20,gain,0.9618431126936571,0.9283967554722548,0.987861975008291,0.05946521953603623,0.5624524298801866,1.0948125006967309
nw,Trina_monoSi,1,20,tree,0.9295810919756208,0.9283967554722548,0.987861975008291,0.05946521953603623,0.01991645726033702,1.0948125006967309
nw,Trina_monoSi,1,20,mlp,0.979706051218544,0.9283967554722548,0.987861975008291,0.05946521953603623,0.8628454775180908,1.0948125006967309
nw,Trina_monoSi,1,40,gain,0.962036892873325,0.9283967554722548,0.987861975008291,0.05946521953603623,0.5657111444898323,1.0986747064847615
nw,Trina_monoSi,1,40,tree,0.928924359946365,0.9283967554722548,0.987861975008291,0.05946521953603623,0.00887248846009111,1.0986747064847615
nw,Trina_monoSi,1,40,mlp,0.9814980467543956,0.9283967554722548,0.987861975008291,0.05946521953603623,0.8929806649408089,1.0986747064847615
nw,Trina_monoSi,1,82,gain,0.9620623654709931,0.9283967554722548,0.987861975008291,0.05946521953603623,0.5661395057717196,1.0993789478739437
nw,Trina_monoSi,1,82,tree,0.9289289568181733,0.9283967554722548,0.987861975008291,0.05946521953603623,0.008949791997254205,1.0993789478739437
nw,Trina_monoSi,1,82,mlp,0.9818404993701699,0.9283967554722548,0.987861975008291,0.05946521953603623,0.898739537411915,1.0993789478739437
nw,Trina_monoSi,1,165,gain,0.9621529267942703,0.9283967554722548,0.987861975008291,0.05946521953603623,0.5676624350400181,1.1060289107226968
nw,Trina_monoSi,1,165,tree,0.9337312118752684,0.9283967554722548,0.987861975008291,0.05946521953603623,0.08970716739355443,1.1060289107226968
nw,Trina_monoSi,1,165,mlp,0.9811280605552434,0.9283967554722548,0.987861975008291,0.05946521953603623,0.8867587725129507,1.1060289107226968
nw,Trina_monoSi,1,247,gain,0.9620922817863808,0.9283967554722548,0.987861975008291,0.05946521953603623,0.5666425950669606,1.1003422268574405
nw,Trina_monoSi,1,247,tree,0.9361462132900547,0.9283967554722548,0.987861975008291,0.05946521953603623,0.13031916603122415,1.1003422268574405
nw,Trina_monoSi,1,247,mlp,0.9877640598647561,0.9283967554722548,0.987861975008291,0.05946521953603623,0.9983534048255633,1.1003422268574405
nw,Trina_monoSi,2,5,gain,0.9609643821649801,0.929473913892949,0.9896724038940162,0.06019849000106725,0.5231106008053172,1.150899818494184
nw,Trina_monoSi,2,5,tree,0.9287985289696596,0.929473913892949,0.9896724038940162,0.06019849000106725,-0.011219300073429769,1.150899818494184
nw,Trina_monoSi,2,5,mlp,0.9727948598474445,0.929473913892949,0.9896724038940162,0.06019849000106725,0.719635093068406,1.150899818494184
nw,Trina_monoSi,2,10,gain,0.9646273586034121,0.929473913892949,0.9896724038940162,0.06019849000106725,0.5839589117574192,1.1319747600078873
nw,Trina_monoSi,2,10,tree,0.9292369281541035,0.929473913892949,0.9896724038940162,0.06019849000106725,-0.00393673892553203,1.1319747600078873
nw,Trina_monoSi,2,10,mlp,0.9789768649004186,0.929473913892949,0.9896724038940162,0.06019849000106725,0.8223287827749827,1.1319747600078873
nw,Trina_monoSi,2,20,gain,0.9653013852761025,0.929473913892949,0.9896724038940162,0.06019849000106725,0.5951556489625967,1.1262887576037222
nw,Trina_monoSi,2,20,tree,0.9295710127089837,0.929473913892949,0.9896724038940162,0.06019849000106725,0.0016129776018132761,1.1262887576037222
nw,Trina_monoSi,2,20,mlp,0.9736785288144654,0.929473913892949,0.9896724038940162,0.06019849000106725,0.7343143477640834,1.1262887576037222
nw,Trina_monoSi,2,40,gain,0.965750622432906,0.929473913892949,0.9896724038940162,0.06019849000106725,0.6026182473898244,1.1210115204036937
nw,Trina_monoSi,2,40,tree,0.9307990679802685,0.929473913892949,0.9896724038940162,0.06019849000106725,0.022013078522334806,1.1210115204036937
nw,Trina_monoSi,2,40,mlp,0.9782946171585772,0.929473913892949,0.9896724038940162,0.06019849000106725,0.8109954795338342,1.1210115204036937
nw,Trina_monoSi,2,82,gain,0.9658617818246003,0.929473913892949,0.9896724038940162,0.06019849000106725,0.6044647952300158,1.1001025663478687
nw,Trina_monoSi,2,82,tree,0.9311727011040266,0.929473913892949,0.9896724038940162,0.06019849000106725,0.028219764499865647,1.1001025663478687
nw,Trina_monoSi,2,82,mlp,0.9807834911762435,0.929473913892949,0.9896724038940162,0.06019849000106725,0.8523399387988784,1.1001025663478687
nw,Trina_monoSi,2,165,gain,0.9655935515179571,0.929473913892949,0.9896724038940162,0.06019849000106725,0.6000090305316259,1.0962748938625773
nw,Trina_monoSi,2,165,tree,0.9329997269212015,0.929473913892949,0.9896724038940162,0.06019849000106725,0.058569791836805066,1.0962748938625773
nw,Trina_monoSi,2,165,mlp,0.982657922272661,0.929473913892949,0.9896724038940162,0.06019849000106725,0.8834774489986236,1.0962748938625773
nw,Trina_monoSi,2,247,gain,0.9656612597542487,0.929473913892949,0.9896724038940162,0.06019849000106725,0.6011337802768495,1.0971304984933727
nw,Trina_monoSi,2,247,tree,0.936318394972738,0.929473913892949,0.9896724038940162,0.06019849000106725,0.11369855090497673,1.0971304984933727
nw,Trina_monoSi,2,247,mlp,0.9880365461893618,0.929473913892949,0.9896724038940162,0.06019849000106725,0.9728256023593704,1.0971304984933727
nw,Trina_monoSi,7,5,gain,0.9632840902175566,0.9295765174716625,0.9921645894294572,0.0625880719577947,0.5385622482287722,1.1469111220865205
nw,Trina_monoSi,7,5,tree,0.930288775403233,0.9295765174716625,0.9921645894294572,0.0625880719577947,0.011380090635333542,1.1469111220865205
nw,Trina_monoSi,7,5,mlp,0.9778474545694154,0.9295765174716625,0.9921645894294572,0.0625880719577947,0.771248188158019,1.1469111220865205
nw,Trina_monoSi,7,10,gain,0.9625800870986332,0.9295765174716625,0.9921645894294572,0.0625880719577947,0.5273140487412067,1.149060962192635
nw,Trina_monoSi,7,10,tree,0.9304470686177561,0.9295765174716625,0.9921645894294572,0.0625880719577947,0.013909218144323436,1.149060962192635
nw,Trina_monoSi,7,10,mlp,0.9805035181219087,0.9295765174716625,0.9921645894294572,0.0625880719577947,0.8136854045382335,1.149060962192635
nw,Trina_monoSi,7,20,gain,0.9628117228590424,0.9295765174716625,0.9921645894294572,0.0625880719577947,0.5310150056993534,1.1483651505421955
nw,Trina_monoSi,7,20,tree,0.9286277901344713,0.9295765174716625,0.9921645894294572,0.0625880719577947,-0.015158277088819122,1.1483651505421955
nw,Trina_monoSi,7,20,mlp,0.9850413531202354,0.9295765174716625,0.9921645894294572,0.0625880719577947,0.8861885965424022,1.1483651505421955
nw,Trina_monoSi,7,40,gain,0.9685461736762212,0.9295765174716625,0.9921645894294572,0.0625880719577947,0.6226371093654604,1.1246333314433845
nw,Trina_monoSi,7,40,tree,0.9291406051951403,0.9295765174716625,0.9921645894294572,0.0625880719577947,-0.006964781992583627,1.1246333314433845
nw,Trina_monoSi,7,40,mlp,0.9817231771104441,0.9295765174716625,0.9921645894294572,0.0625880719577947,0.8331724881051763,1.1246333314433845
nw,Trina_monoSi,7,82,gain,0.969991128471522,0.9295765174716625,0.9921645894294572,0.0625880719577947,0.64572385337437,1.0984742854639054
nw,Trina_monoSi,7,82,tree,0.930467524915648,0.9295765174716625,0.9921645894294572,0.0625880719577947,0.014236058343295051,1.0984742854639054
nw,Trina_monoSi,7,82,mlp,0.9850102665337804,0.9295765174716625,0.9921645894294572,0.0625880719577947,0.8856919110641217,1.0984742854639054
nw,Trina_monoSi,7,165,gain,0.9700850041446899,0.9295765174716625,0.9921645894294572,0.0625880719577947,0.6472237505629458,1.1068480342692095
nw,Trina_monoSi,7,165,tree,0.9337161838839697,0.9295765174716625,0.9921645894294572,0.0625880719577947,0.06614145927196399,1.1068480342692095
nw,Trina_monoSi,7,165,mlp,0.9854145876378722,0.9295765174716625,0.9921645894294572,0.0625880719577947,0.8921519455634168,1.1068480342692095
nw,Trina_monoSi,7,247,gain,0.9700591832645457,0.9295765174716625,0.9921645894294572,0.0625880719577947,0.6468111978298683,1.1004026512751255
nw,Trina_monoSi,7,247,tree,0.9367869024884632,0.9295765174716625,0.9921645894294572,0.0625880719577947,0.11520382065232694,1.1004026512751255
nw,Trina_monoSi,7,247,mlp,0.9905030870800243,0.9295765174716625,0.9921645894294572,0.0625880719577947,0.973453370627022,1.1004026512751255
nw,Trina_monoSi,123,5,gain,0.9589336030387231,0.9348972960634028,0.9873072778645443,0.052409981801141536,0.4586207846154375,1.0587737629988672
nw,Trina_monoSi,123,5,tree,0.9345688211662178,0.9348972960634028,0.9873072778645443,0.052409981801141536,-0.006267411014019118,1.0587737629988672
nw,Trina_monoSi,123,5,mlp,0.9772022617969388,0.9348972960634028,0.9873072778645443,0.052409981801141536,0.8071929101989231,1.0587737629988672
nw,Trina_monoSi,123,10,gain,0.9619360733743764,0.9348972960634028,0.9873072778645443,0.052409981801141536,0.5159089238680992,1.1138555267349244
nw,Trina_monoSi,123,10,tree,0.9347408786136153,0.9348972960634028,0.9873072778645443,0.052409981801141536,-0.0029844973116178873,1.1138555267349244
nw,Trina_monoSi,123,10,mlp,0.9661078906746369,0.9348972960634028,0.9873072778645443,0.052409981801141536,0.5955085947111377,1.1138555267349244
nw,Trina_monoSi,123,20,gain,0.9602141354430508,0.9348972960634028,0.9873072778645443,0.052409981801141536,0.4830537716213554,1.125169649906879
nw,Trina_monoSi,123,20,tree,0.9347360758930978,0.9348972960634028,0.9873072778645443,0.052409981801141536,-0.0030761348270768292,1.125169649906879
nw,Trina_monoSi,123,20,mlp,0.9737381475641959,0.9348972960634028,0.9873072778645443,0.052409981801141536,0.7410964508281339,1.125169649906879
nw,Trina_monoSi,123,40,gain,0.9616667262309111,0.9348972960634028,0.9873072778645443,0.052409981801141536,0.5107696901914448,1.1160321252304048
nw,Trina_monoSi,123,40,tree,0.935153615057716,0.9348972960634028,0.9873072778645443,0.052409981801141536,0.004890652228916393,1.1160321252304048
nw,Trina_monoSi,123,40,mlp,0.9775546607935302,0.9348972960634028,0.9873072778645443,0.052409981801141536,0.8139168010395734,1.1160321252304048
nw,Trina_monoSi,123,82,gain,0.9619444349351146,0.9348972960634028,0.9873072778645443,0.052409981801141536,0.5160684652464949,1.1137839059520651
nw,Trina_monoSi,123,82,tree,0.9372085885678163,0.9348972960634028,0.9873072778645443,0.052409981801141536,0.04410023482135972,1.1137839059520651
nw,Trina_monoSi,123,82,mlp,0.9779433892806936,0.9348972960634028,0.9873072778645443,0.052409981801141536,0.8213338707237106,1.1137839059520651
nw,Trina_monoSi,123,165,gain,0.9621172130847814,0.9348972960634028,0.9873072778645443,0.052409981801141536,0.5193651301894886,1.1122372340800635
nw,Trina_monoSi,123,165,tree,0.9403642324919308,0.9348972960634028,0.9873072778645443,0.052409981801141536,0.10431097742546724,1.1122372340800635
nw,Trina_monoSi,123,165,mlp,0.978730956328162,0.9348972960634028,0.9873072778645443,0.052409981801141536,0.83636091367245,1.1122372340800635
nw,Trina_monoSi,123,247,gain,0.962597051939402,0.9348972960634028,0.9873072778645443,0.052409981801141536,0.5285206161891081,1.1069271175814657
nw,Trina_monoSi,123,247,tree,0.9405836001128155,0.9348972960634028,0.9873072778645443,0.052409981801141536,0.1084965850777852,1.1069271175814657
nw,Trina_monoSi,123,247,mlp,0.9859905020987069,0.9348972960634028,0.9873072778645443,0.052409981801141536,0.974875477521941,1.1069271175814657
nw,AU+US pooled,42,5,gain,0.9754055292737663,0.9371394503698877,0.9866293760775482,0.04948992570766053,0.7732094634758258,1.1418082836680514
nw,AU+US pooled,42,5,tree,0.9369324850859618,0.9371394503698877,0.9866293760775482,0.04948992570766053,-0.004181967965528681,1.1418082836680514
nw,AU+US pooled,42,5,mlp,0.9573215121163747,0.9371394503698877,0.9866293760775482,0.04948992570766053,0.4078014152961861,1.1418082836680514
nw,AU+US pooled,42,10,gain,0.9781427033214484,0.9371394503698877,0.9866293760775482,0.04948992570766053,0.8285171651654718,1.1263507490455635
nw,AU+US pooled,42,10,tree,0.9366217288141335,0.9371394503698877,0.9866293760775482,0.04948992570766053,-0.01046115039275555,1.1263507490455635
nw,AU+US pooled,42,10,mlp,0.9835346665843956,0.9371394503698877,0.9866293760775482,0.04948992570766053,0.9374678896987397,1.1263507490455635
nw,AU+US pooled,42,20,gain,0.9775230563159486,0.9371394503698877,0.9866293760775482,0.04948992570766053,0.8159964956223399,1.130832672709731
nw,AU+US pooled,42,20,tree,0.9365209187112927,0.9371394503698877,0.9866293760775482,0.04948992570766053,-0.012498132695705214,1.130832672709731
nw,AU+US pooled,42,20,mlp,0.9811686322296634,0.9371394503698877,0.9866293760775482,0.04948992570766053,0.8896594858488647,1.130832672709731
nw,AU+US pooled,42,40,gain,0.9785220858288867,0.9371394503698877,0.9866293760775482,0.04948992570766053,0.8361830184075908,1.122908928470787
nw,AU+US pooled,42,40,tree,0.9361917319238655,0.9371394503698877,0.9866293760775482,0.04948992570766053,-0.019149724564558254,1.122908928470787
nw,AU+US pooled,42,40,mlp,0.9835481989897399,0.9371394503698877,0.9866293760775482,0.04948992570766053,0.9377413272751919,1.122908928470787
nw,AU+US pooled,42,82,gain,0.9786559832302725,0.9371394503698877,0.9866293760775482,0.04948992570766053,0.8388885670515056,1.121468523153048
nw,AU+US pooled,42,82,tree,0.9374090600628044,0.9371394503698877,0.9866293760775482,0.04948992570766053,0.005447769198712915,1.121468523153048
nw,AU+US pooled,42,82,mlp,0.9832002671543909,0.9371394503698877,0.9866293760775482,0.04948992570766053,0.9307109704828977,1.121468523153048
nw,AU+US pooled,42,165,gain,0.9790802838713253,0.9371394503698877,0.9866293760775482,0.04948992570766053,0.8474620420564829,1.1149052913331479
nw,AU+US pooled,42,165,tree,0.939381500714198,0.9371394503698877,0.9866293760775482,0.04948992570766053,0.04530316649805168,1.1149052913331479
nw,AU+US pooled,42,165,mlp,0.9839645305180024,0.9371394503698877,0.9866293760775482,0.04948992570766053,0.9461537773306188,1.1149052913331479
nw,AU+US pooled,42,247,gain,0.9790355306418337,0.9371394503698877,0.9866293760775482,0.04948992570766053,0.8465577523681944,1.115900817426728
nw,AU+US pooled,42,247,tree,0.9385155648801149,0.9371394503698877,0.9866293760775482,0.04948992570766053,0.027805952232703084,1.115900817426728
nw,AU+US pooled,42,247,mlp,0.9874184110392983,0.9371394503698877,0.9866293760775482,0.04948992570766053,1.015943345043817,1.115900817426728
nw,AU+US pooled,1,5,gain,0.9805244526528366,0.9418023094700035,0.987861975008291,0.04605966553828744,0.8406952749286682,1.0973684933128014
nw,AU+US pooled,1,5,tree,0.9421247075804453,0.9418023094700035,0.987861975008291,0.04605966553828744,0.006999575586882465,1.0973684933128014
nw,AU+US pooled,1,5,mlp,0.9871920377964418,0.9418023094700035,0.987861975008291,0.04605966553828744,0.9854550135347321,1.0973684933128014
nw,AU+US pooled,1,10,gain,0.9809539452675464,0.9418023094700035,0.987861975008291,0.04605966553828744,0.8500199760460222,1.1022622715947537
nw,AU+US pooled,1,10,tree,0.9415725751216061,0.9418023094700035,0.987861975008291,0.04605966553828744,-0.0049877554626724455,1.1022622715947537
nw,AU+US pooled,1,10,mlp,0.9851734639659073,0.9418023094700035,0.987861975008291,0.04605966553828744,0.94162981838961,1.1022622715947537
nw,AU+US pooled,1,20,gain,0.9812864864437633,0.9418023094700035,0.987861975008291,0.04605966553828744,0.857239767425975,1.1083742459033195
nw,AU+US pooled,1,20,tree,0.9418913790964153,0.9418023094700035,0.987861975008291,0.04605966553828744,0.0019337879546197135,1.1083742459033195
nw,AU+US pooled,1,20,mlp,0.9887400991972314,0.9418023094700035,0.987861975008291,0.04605966553828744,1.0190649276037502,1.1083742459033195
nw,AU+US pooled,1,40,gain,0.9813892658832629,0.9418023094700035,0.987861975008291,0.04605966553828744,0.8594712087162775,1.1132284874064289
nw,AU+US pooled,1,40,tree,0.9422804243825311,0.9418023094700035,0.987861975008291,0.04605966553828744,0.010380338348964917,1.1132284874064289
nw,AU+US pooled,1,40,mlp,0.9876131906964596,0.9418023094700035,0.987861975008291,0.04605966553828744,0.9945986513596241,1.1132284874064289
nw,AU+US pooled,1,82,gain,0.9813835673009049,0.9418023094700035,0.987861975008291,0.04605966553828744,0.8593474869677281,1.1160313672291589
nw,AU+US pooled,1,82,tree,0.9424398408824821,0.9418023094700035,0.987861975008291,0.04605966553828744,0.01384142513906496,1.1160313672291589
nw,AU+US pooled,1,82,mlp,0.9860394655331919,0.9418023094700035,0.987861975008291,0.04605966553828744,0.9604315521226674,1.1160313672291589
nw,AU+US pooled,1,165,gain,0.9813717989282589,0.9418023094700035,0.987861975008291,0.04605966553828744,0.8590919841865309,1.1169212475777803
nw,AU+US pooled,1,165,tree,0.9436681467921811,0.9418023094700035,0.987861975008291,0.04605966553828744,0.04050913744969789,1.1169212475777803
nw,AU+US pooled,1,165,mlp,0.9854477939543236,0.9418023094700035,0.987861975008291,0.04605966553828744,0.9475857884386808,1.1169212475777803
nw,AU+US pooled,1,247,gain,0.9813797618370728,0.9418023094700035,0.987861975008291,0.04605966553828744,0.8592648666580127,1.1122275393789716
nw,AU+US pooled,1,247,tree,0.943111618219438,0.9418023094700035,0.987861975008291,0.04605966553828744,0.028426362504653777,1.1122275393789716
nw,AU+US pooled,1,247,mlp,0.9894867950508538,0.9418023094700035,0.987861975008291,0.04605966553828744,1.0352764186099477,1.1122275393789716
nw,AU+US pooled,2,5,gain,0.9826706613031227,0.9408025346740927,0.9896724038940162,0.048869869219923534,0.8567267990960988,1.1193915995419264
nw,AU+US pooled,2,5,tree,0.9406604528071791,0.9408025346740927,0.9896724038940162,0.048869869219923534,-0.00290735107708519,1.1193915995419264
nw,AU+US pooled,2,5,mlp,0.9605635826175918,0.9408025346740927,0.9896724038940162,0.048869869219923534,0.40436056529168685,1.1193915995419264
nw,AU+US pooled,2,10,gain,0.9825863119274093,0.9408025346740927,0.9896724038940162,0.048869869219923534,0.8550007994758859,1.1122975124309775
nw,AU+US pooled,2,10,tree,0.9406586130938297,0.9408025346740927,0.9896724038940162,0.048869869219923534,-0.0029449962228325524,1.1122975124309775
nw,AU+US pooled,2,10,mlp,0.9883146042688012,0.9408025346740927,0.9896724038940162,0.048869869219923534,0.9722160168036335,1.1122975124309775
nw,AU+US pooled,2,20,gain,0.9825676428529405,0.9408025346740927,0.9896724038940162,0.048869869219923534,0.8546187834245481,1.12386762285577
nw,AU+US pooled,2,20,tree,0.9414124051670348,0.9408025346740927,0.9896724038940162,0.048869869219923534,0.012479478719241356,1.12386762285577
nw,AU+US pooled,2,20,mlp,0.9847311133787651,0.9408025346740927,0.9896724038940162,0.048869869219923534,0.8988888123883771,1.12386762285577
nw,AU+US pooled,2,40,gain,0.9826777960501204,0.9408025346740927,0.9896724038940162,0.048869869219923534,0.8568727939004954,1.1174683488534896
nw,AU+US pooled,2,40,tree,0.9417243472274279,0.9408025346740927,0.9896724038940162,0.048869869219923534,0.018862595051910295,1.1174683488534896
nw,AU+US pooled,2,40,mlp,0.9859919652403331,0.9408025346740927,0.9896724038940162,0.048869869219923534,0.9246890013738218,1.1174683488534896
nw,AU+US pooled,2,82,gain,0.9823617146282464,0.9408025346740927,0.9896724038940162,0.048869869219923534,0.8504049758580207,1.1075735160139293
nw,AU+US pooled,2,82,tree,0.9405633898456514,0.9408025346740927,0.9896724038940162,0.048869869219923534,-0.004893502525352454,1.1075735160139293
nw,AU+US pooled,2,82,mlp,0.9868478345554377,0.9408025346740927,0.9896724038940162,0.048869869219923534,0.9422022325071617,1.1075735160139293
nw,AU+US pooled,2,165,gain,0.9824007643477095,0.9408025346740927,0.9896724038940162,0.048869869219923534,0.85120403098312,1.108226231987346
nw,AU+US pooled,2,165,tree,0.9418777891148185,0.9408025346740927,0.9896724038940162,0.048869869219923534,0.022002400617994567,1.108226231987346
nw,AU+US pooled,2,165,mlp,0.9881779317470338,0.9408025346740927,0.9896724038940162,0.048869869219923534,0.9694193544849283,1.108226231987346
nw,AU+US pooled,2,247,gain,0.9824872539732548,0.9408025346740927,0.9896724038940162,0.048869869219923534,0.8529738254787024,1.1098603504537312
nw,AU+US pooled,2,247,tree,0.9430740669722533,0.9408025346740927,0.9896724038940162,0.048869869219923534,0.046481243646023546,1.1098603504537312
nw,AU+US pooled,2,247,mlp,0.9890908190886,0.9408025346740927,0.9896724038940162,0.048869869219923534,0.9880993173360253,1.1098603504537312
nw,AU+US pooled,7,5,gain,0.9810907703090006,0.9386724418814664,0.9921645894294572,0.05349214754799081,0.7929823417442414,1.1534225057403582
nw,AU+US pooled,7,5,tree,0.9384005105372673,0.9386724418814664,0.9921645894294572,0.05349214754799081,-0.005083575004259304,1.1534225057403582
nw,AU+US pooled,7,5,mlp,0.983292172575253,0.9386724418814664,0.9921645894294572,0.05349214754799081,0.834136087988537,1.1534225057403582
nw,AU+US pooled,7,10,gain,0.9807022796560129,0.9386724418814664,0.9921645894294572,0.05349214754799081,0.7857197682489597,1.154746973122189
nw,AU+US pooled,7,10,tree,0.9389164558711749,0.9386724418814664,0.9921645894294572,0.05349214754799081,0.004561678692926023,1.154746973122189
nw,AU+US pooled,7,10,mlp,0.9862562727576175,0.9386724418814664,0.9921645894294572,0.05349214754799081,0.889547962782033,1.154746973122189
nw,AU+US pooled,7,20,gain,0.982769674556009,0.9386724418814664,0.9921645894294572,0.05349214754799081,0.8243683362119755,1.1470899900544254
nw,AU+US pooled,7,20,tree,0.9387898072188177,0.9386724418814664,0.9921645894294572,0.05349214754799081,0.0021940666570920324,1.1470899900544254
nw,AU+US pooled,7,20,mlp,0.9907119530683137,0.9386724418814664,0.9921645894294572,0.05349214754799081,0.9728439326568407,1.1470899900544254
nw,AU+US pooled,7,40,gain,0.9848330539613672,0.9386724418814664,0.9921645894294572,0.05349214754799081,0.8629418371825056,1.1370094471570622
nw,AU+US pooled,7,40,tree,0.9386697361725411,0.9386724418814664,0.9921645894294572,0.05349214754799081,-5.05814226810792e-05,1.1370094471570622
nw,AU+US pooled,7,40,mlp,0.9870900906982571,0.9386724418814664,0.9921645894294572,0.05349214754799081,0.9051356327272632,1.1370094471570622
nw,AU+US pooled,7,82,gain,0.986708595417656,0.9386724418814664,0.9921645894294572,0.05349214754799081,0.8980038330503312,1.1113544107355497
nw,AU+US pooled,7,82,tree,0.9386550066296544,0.9386724418814664,0.9921645894294572,0.05349214754799081,-0.0003259403970709553,1.1113544107355497
nw,AU+US pooled,7,82,mlp,0.9906741887734313,0.9386724418814664,0.9921645894294572,0.05349214754799081,0.9721379543663156,1.1113544107355497
nw,AU+US pooled,7,165,gain,0.9867354888779791,0.9386724418814664,0.9921645894294572,0.05349214754799081,0.8985065883435078,1.1153075651894864
nw,AU+US pooled,7,165,tree,0.9399608416417202,0.9386724418814664,0.9921645894294572,0.05349214754799081,0.02408577369412884,1.1153075651894864
nw,AU+US pooled,7,165,mlp,0.9911350169234372,0.9386724418814664,0.9921645894294572,0.05349214754799081,0.9807528290933488,1.1153075651894864
nw,AU+US pooled,7,247,gain,0.9867210267823772,0.9386724418814664,0.9921645894294572,0.05349214754799081,0.8982362291176236,1.112010674805851
nw,AU+US pooled,7,247,tree,0.9411381201542671,0.9386724418814664,0.9921645894294572,0.05349214754799081,0.04609420982002367,1.112010674805851
nw,AU+US pooled,7,247,mlp,0.9905134815627236,0.9386724418814664,0.9921645894294572,0.05349214754799081,0.9691336403113688,1.112010674805851
nw,AU+US pooled,123,5,gain,0.9794164004565633,0.9462625961001379,0.9873072778645443,0.041044681764406454,0.8077490902896002,1.0937327425544134
nw,AU+US pooled,123,5,tree,0.9457784745437281,0.9462625961001379,0.9873072778645443,0.041044681764406454,-0.011794988670848487,1.0937327425544134
nw,AU+US pooled,123,5,mlp,0.9836887557801168,0.9462625961001379,0.9873072778645443,0.041044681764406454,0.9118394410950111,1.0937327425544134
nw,AU+US pooled,123,10,gain,0.9761300561009232,0.9462625961001379,0.9873072778645443,0.041044681764406454,0.7276816073814976,1.1387728592260966
nw,AU+US pooled,123,10,tree,0.9464985529743041,0.9462625961001379,0.9873072778645443,0.041044681764406454,0.005748780695160378,1.1387728592260966
nw,AU+US pooled,123,10,mlp,0.9643456817136419,0.9462625961001379,0.9873072778645443,0.041044681764406454,0.44057073501750227,1.1387728592260966
nw,AU+US pooled,123,20,gain,0.9745558959298634,0.9462625961001379,0.9873072778645443,0.041044681764406454,0.6893292532301024,1.1455498124473975
nw,AU+US pooled,123,20,tree,0.9467762737974976,0.9462625961001379,0.9873072778645443,0.041044681764406454,0.012515085396647599,1.1455498124473975
nw,AU+US pooled,123,20,mlp,0.9641406677542731,0.9462625961001379,0.9873072778645443,0.041044681764406454,0.4355758379795487,1.1455498124473975
nw,AU+US pooled,123,40,gain,0.9781935544397103,0.9462625961001379,0.9873072778645443,0.041044681764406454,0.7779560461171051,1.1269976569580884
nw,AU+US pooled,123,40,tree,0.9468783924534613,0.9462625961001379,0.9873072778645443,0.041044681764406454,0.015003072915951815,1.1269976569580884
nw,AU+US pooled,123,40,mlp,0.9831898872178428,0.9462625961001379,0.9873072778645443,0.041044681764406454,0.8996851609098836,1.1269976569580884
nw,AU+US pooled,123,82,gain,0.9782904927647154,0.9462625961001379,0.9873072778645443,0.041044681764406454,0.7803178216465496,1.1262893502998053
nw,AU+US pooled,123,82,tree,0.9462376813513537,0.9462625961001379,0.9873072778645443,0.041044681764406454,-0.0006070152748947401,1.1262893502998053
nw,AU+US pooled,123,82,mlp,0.9830492328688142,0.9462625961001379,0.9873072778645443,0.041044681764406454,0.8962583016194157,1.1262893502998053
nw,AU+US pooled,123,165,gain,0.9787312031801106,0.9462625961001379,0.9873072778645443,0.041044681764406454,0.7910551546322195,1.1227274841877193
nw,AU+US pooled,123,165,tree,0.9475927123754423,0.9462625961001379,0.9873072778645443,0.041044681764406454,0.032406543750033455,1.1227274841877193
nw,AU+US pooled,123,165,mlp,0.9831276103724598,0.9462625961001379,0.9873072778645443,0.041044681764406454,0.8981678670070941,1.1227274841877193
nw,AU+US pooled,123,247,gain,0.9791093488337265,0.9462625961001379,0.9873072778645443,0.041044681764406454,0.8002681790085895,1.118994624467042
nw,AU+US pooled,123,247,tree,0.9482916970942458,0.9462625961001379,0.9873072778645443,0.041044681764406454,0.049436392411440974,1.118994624467042
nw,AU+US pooled,123,247,mlp,0.9883183731383499,0.9462625961001379,0.9873072778645443,0.041044681764406454,1.0246340142094224,1.118994624467042
w,Trina_monoSi,42,5,gain,0.9439233877611607,0.8730217433589122,0.9881038708903238,0.11508212753141156,0.6160960517774222,1.2231756592024974
w,Trina_monoSi,42,5,tree,0.8750594606062749,0.8730217433589122,0.9881038708903238,0.11508212753141156,0.017706635175010015,1.2231756592024974
w,Trina_monoSi,42,5,mlp,0.9199389625187632,0.8730217433589122,0.9881038708903238,0.11508212753141156,0.40768466977676365,1.2231756592024974
w,Trina_monoSi,42,10,gain,0.9529065220630029,0.8730217433589122,0.9881038708903238,0.11508212753141156,0.6941545174535128,1.1936123770909117
w,Trina_monoSi,42,10,tree,0.8751682412416655,0.8730217433589122,0.9881038708903238,0.11508212753141156,0.01865187869565015,1.1936123770909117
w,Trina_monoSi,42,10,mlp,0.9201964847332097,0.8730217433589122,0.9881038708903238,0.11508212753141156,0.40992239530348573,1.1936123770909117
w,Trina_monoSi,42,20,gain,0.9562469416701199,0.8730217433589122,0.9881038708903238,0.11508212753141156,0.7231809151989429,1.1653805363497638
w,Trina_monoSi,42,20,tree,0.8763261650766618,0.8730217433589122,0.9881038708903238,0.11508212753141156,0.028713596008621278,1.1653805363497638
w,Trina_monoSi,42,20,mlp,0.9201989235500737,0.8730217433589122,0.9881038708903238,0.11508212753141156,0.40994358727235464,1.1653805363497638
w,Trina_monoSi,42,40,gain,0.9559598246320574,0.8730217433589122,0.9881038708903238,0.11508212753141156,0.7206860270332359,1.1506743008429576
w,Trina_monoSi,42,40,tree,0.8769059656158416,0.8730217433589122,0.9881038708903238,0.11508212753141156,0.0337517418234131,1.1506743008429576
w,Trina_monoSi,42,40,mlp,0.9203257150164741,0.8730217433589122,0.9881038708903238,0.11508212753141156,0.4110453349469948,1.1506743008429576
w,Trina_monoSi,42,82,gain,0.9560118419209036,0.8730217433589122,0.9881038708903238,0.11508212753141156,0.7211380284861286,1.1514854089560795
w,Trina_monoSi,42,82,tree,0.8838246025943535,0.8730217433589122,0.9881038708903238,0.11508212753141156,0.09387086828484804,1.1514854089560795
w,Trina_monoSi,42,82,mlp,0.9203396914730693,0.8730217433589122,0.9881038708903238,0.11508212753141156,0.4111667826200174,1.1514854089560795
w,Trina_monoSi,42,165,gain,0.9558177949633248,0.8730217433589122,0.9881038708903238,0.11508212753141156,0.7194518678133874,1.1487282239304826
w,Trina_monoSi,42,165,tree,0.8905206949346236,0.8730217433589122,0.9881038708903238,0.11508212753141156,0.15205620499964279,1.1487282239304826
w,Trina_monoSi,42,165,mlp,0.9203359752401907,0.8730217433589122,0.9881038708903238,0.11508212753141156,0.4111344906129243,1.1487282239304826
w,Trina_monoSi,42,247,gain,0.9560487071366734,0.8730217433589122,0.9881038708903238,0.11508212753141156,0.721458366809382,1.152104581380325
w,Trina_monoSi,42,247,tree,0.8974626933995009,0.8730217433589122,0.9881038708903238,0.11508212753141156,0.21237832984898133,1.152104581380325
w,Trina_monoSi,42,247,mlp,0.9447784632790138,0.8730217433589122,0.9881038708903238,0.11508212753141156,0.6235261848154106,1.152104581380325
w,Trina_monoSi,1,5,gain,0.9612287965717321,0.888407059455354,0.9878449005007441,0.09943784104539011,0.7323342537489057,1.1492118175011117
w,Trina_monoSi,1,5,tree,0.8889949100069089,0.888407059455354,0.9878449005007441,0.09943784104539011,0.005911738885064125,1.1492118175011117
w,Trina_monoSi,1,5,mlp,0.9300972488088037,0.888407059455354,0.9878449005007441,0.09943784104539011,0.41925879439015074,1.1492118175011117
w,Trina_monoSi,1,10,gain,0.9611803342348576,0.888407059455354,0.9878449005007441,0.09943784104539011,0.7318468906247166,1.176893085915393
w,Trina_monoSi,1,10,tree,0.8899688331424466,0.888407059455354,0.9878449005007441,0.09943784104539011,0.01570602972342933,1.176893085915393
w,Trina_monoSi,1,10,mlp,0.9313840139147032,0.888407059455354,0.9878449005007441,0.09943784104539011,0.43219919104771753,1.176893085915393
w,Trina_monoSi,1,20,gain,0.9616225583228428,0.888407059455354,0.9878449005007441,0.09943784104539011,0.7362941320705899,1.1691160702047838
w,Trina_monoSi,1,20,tree,0.8904150745445347,0.888407059455354,0.9878449005007441,0.09943784104539011,0.020193671423981336,1.1691160702047838
w,Trina_monoSi,1,20,mlp,0.9314625355029229,0.888407059455354,0.9878449005007441,0.09943784104539011,0.4329888460461995,1.1691160702047838
w,Trina_monoSi,1,40,gain,0.961686661553807,0.888407059455354,0.9878449005007441,0.09943784104539011,0.7369387883733642,1.1669255729409695
w,Trina_monoSi,1,40,tree,0.8938318267818817,0.888407059455354,0.9878449005007441,0.09943784104539011,0.05455435545962233,1.1669255729409695
w,Trina_monoSi,1,40,mlp,0.9317627468576597,0.888407059455354,0.9878449005007441,0.09943784104539011,0.4360079316536571,1.1669255729409695
w,Trina_monoSi,1,82,gain,0.9615753010633166,0.888407059455354,0.9878449005007441,0.09943784104539011,0.7358188878473703,1.1551357313768547
w,Trina_monoSi,1,82,tree,0.8972557325975039,0.888407059455354,0.9878449005007441,0.09943784104539011,0.08898697969629839,1.1551357313768547
w,Trina_monoSi,1,82,mlp,0.9318107433270146,0.888407059455354,0.9878449005007441,0.09943784104539011,0.43649060976543375,1.1551357313768547
w,Trina_monoSi,1,165,gain,0.9617339702267892,0.888407059455354,0.9878449005007441,0.09943784104539011,0.7374145496377363,1.1620551172280573
w,Trina_monoSi,1,165,tree,0.906504302147327,0.888407059455354,0.9878449005007441,0.09943784104539011,0.181995531094769,1.1620551172280573
w,Trina_monoSi,1,165,mlp,0.9318064852896927,0.888407059455354,0.9878449005007441,0.09943784104539011,0.4364477886695894,1.1620551172280573
w,Trina_monoSi,1,247,gain,0.9613912347804585,0.888407059455354,0.9878449005007441,0.09943784104539011,0.7339678190699013,1.151589744060195
w,Trina_monoSi,1,247,tree,0.9123741846959319,0.888407059455354,0.9878449005007441,0.09943784104539011,0.24102620278770598,1.151589744060195
w,Trina_monoSi,1,247,mlp,0.954137984296416,0.888407059455354,0.9878449005007441,0.09943784104539011,0.6610252611081733,1.151589744060195
w,Trina_monoSi,2,5,gain,0.9563390488392058,0.8887842305673218,0.9884356483622726,0.09965141779495079,0.677911260739804,1.2062686045948587
w,Trina_monoSi,2,5,tree,0.8890863146084294,0.8887842305673218,0.9884356483622726,0.09965141779495079,0.0030314073576868696,1.2062686045948587
w,Trina_monoSi,2,5,mlp,0.9326160390150975,0.8887842305673218,0.9884356483622726,0.09965141779495079,0.43985132793561293,1.2062686045948587
w,Trina_monoSi,2,10,gain,0.9615423882758417,0.8887842305673218,0.9884356483622726,0.09965141779495079,0.7301266687266988,1.170708487842948
w,Trina_monoSi,2,10,tree,0.8897252289291016,0.8887842305673218,0.9884356483622726,0.09965141779495079,0.009442899886442185,1.170708487842948
w,Trina_monoSi,2,10,mlp,0.9327851022864289,0.8887842305673218,0.9884356483622726,0.09965141779495079,0.44154787450837973,1.170708487842948
w,Trina_monoSi,2,20,gain,0.9617464788609597,0.8887842305673218,0.9884356483622726,0.09965141779495079,0.7321747136982003,1.1618877669722134
w,Trina_monoSi,2,20,tree,0.8923744450949891,0.8887842305673218,0.9884356483622726,0.09965141779495079,0.0360277315376961,1.1618877669722134
w,Trina_monoSi,2,20,mlp,0.9328269817713778,0.8887842305673218,0.9884356483622726,0.09965141779495079,0.44196813430874815,1.1618877669722134
w,Trina_monoSi,2,40,gain,0.9610731653160343,0.8887842305673218,0.9884356483622726,0.09965141779495079,0.7254180256367134,1.1777069318732798
w,Trina_monoSi,2,40,tree,0.8928939532038381,0.8887842305673218,0.9884356483622726,0.09965141779495079,0.04124098510041024,1.1777069318732798
w,Trina_monoSi,2,40,mlp,0.9328712723296788,0.8887842305673218,0.9884356483622726,0.09965141779495079,0.4424125891823572,1.1777069318732798
w,Trina_monoSi,2,82,gain,0.9606730211750407,0.8887842305673218,0.9884356483622726,0.09965141779495079,0.7214025871226634,1.142463144687298
w,Trina_monoSi,2,82,tree,0.8958890988409391,0.8887842305673218,0.9884356483622726,0.09965141779495079,0.07129721213035597,1.142463144687298
w,Trina_monoSi,2,82,mlp,0.9328598824890857,0.8887842305673218,0.9884356483622726,0.09965141779495079,0.4422982923580354,1.142463144687298
w,Trina_monoSi,2,165,gain,0.9612011173002847,0.8887842305673218,0.9884356483622726,0.09965141779495079,0.7267020212594721,1.148111075884629
w,Trina_monoSi,2,165,tree,0.9035755350518563,0.8887842305673218,0.9884356483622726,0.09965141779495079,0.1484304469703584,1.148111075884629
w,Trina_monoSi,2,165,mlp,0.9328844392202937,0.8887842305673218,0.9884356483622726,0.09965141779495079,0.44254471866838235,1.148111075884629
w,Trina_monoSi,2,247,gain,0.9614431489454077,0.8887842305673218,0.9884356483622726,0.09965141779495079,0.7291308040151883,1.1516736646604708
w,Trina_monoSi,2,247,tree,0.9106127997153957,0.8887842305673218,0.9884356483622726,0.09965141779495079,0.21904925821516888,1.1516736646604708
w,Trina_monoSi,2,247,mlp,0.9544396425019798,0.8887842305673218,0.9884356483622726,0.09965141779495079,0.6588507558392674,1.1516736646604708
w,Trina_monoSi,7,5,gain,0.9383625915591718,0.8820363621406236,0.9921155505744185,0.11007918843379483,0.5116882693264454,1.2478665382396605
w,Trina_monoSi,7,5,tree,0.8832135659662187,0.8820363621406236,0.9921155505744185,0.11007918843379483,0.010694154293325488,1.2478665382396605
w,Trina_monoSi,7,5,mlp,0.9275270808200009,0.8820363621406236,0.9921155505744185,0.11007918843379483,0.41325448821542543,1.2478665382396605
w,Trina_monoSi,7,10,gain,0.9452644935232686,0.8820363621406236,0.9921155505744185,0.11007918843379483,0.5743876956421455,1.235843118161976
w,Trina_monoSi,7,10,tree,0.8834198192134294,0.8820363621406236,0.9921155505744185,0.11007918843379483,0.012567834960354872,1.235843118161976
w,Trina_monoSi,7,10,mlp,0.9274024472361058,0.8820363621406236,0.9921155505744185,0.11007918843379483,0.41212227071211327,1.235843118161976
w,Trina_monoSi,7,20,gain,0.9546061021884577,0.8820363621406236,0.9921155505744185,0.11007918843379483,0.6592503186147651,1.2157502870506443
w,Trina_monoSi,7,20,tree,0.8834211682932176,0.8820363621406236,0.9921155505744185,0.11007918843379483,0.01258009049936647,1.2157502870506443
w,Trina_monoSi,7,20,mlp,0.9275977277175458,0.8820363621406236,0.9921155505744185,0.11007918843379483,0.41389627072263724,1.2157502870506443
w,Trina_monoSi,7,40,gain,0.9632396767050733,0.8820363621406236,0.9921155505744185,0.11007918843379483,0.7376808979045836,1.186811100139933
w,Trina_monoSi,7,40,tree,0.8873301064444443,0.8820363621406236,0.9921155505744185,0.11007918843379483,0.04809032823679027,1.186811100139933
w,Trina_monoSi,7,40,mlp,0.9279626422594285,0.8820363621406236,0.9921155505744185,0.11007918843379483,0.41721128918411665,1.186811100139933
w,Trina_monoSi,7,82,gain,0.9661401949768392,0.8820363621406236,0.9921155505744185,0.11007918843379483,0.7640302770473125,1.1538100251360026
w,Trina_monoSi,7,82,tree,0.8881548840591289,0.8820363621406236,0.9921155505744185,0.11007918843379483,0.05558291267913131,1.1538100251360026
w,Trina_monoSi,7,82,mlp,0.9279513777345371,0.8820363621406236,0.9921155505744185,0.11007918843379483,0.4171089580800116,1.1538100251360026
w,Trina_monoSi,7,165,gain,0.9661167809016847,0.8820363621406236,0.9921155505744185,0.11007918843379483,0.7638175749417863,1.1618038739881307
w,Trina_monoSi,7,165,tree,0.8986086210138637,0.8820363621406236,0.9921155505744185,0.11007918843379483,0.1505485197431955,1.1618038739881307
w,Trina_monoSi,7,165,mlp,0.9279817715124674,0.8820363621406236,0.9921155505744185,0.11007918843379483,0.4173850663831594,1.1618038739881307
w,Trina_monoSi,7,247,gain,0.9661560907431076,0.8820363621406236,0.9921155505744185,0.11007918843379483,0.7641746800584043,1.1545409701861489
w,Trina_monoSi,7,247,tree,0.9077503524176347,0.8820363621406236,0.9921155505744185,0.11007918843379483,0.23359538385837816,1.1545409701861489
w,Trina_monoSi,7,247,mlp,0.952189808051648,0.8820363621406236,0.9921155505744185,0.11007918843379483,0.6372998103380539,1.1545409701861489
w,Trina_monoSi,123,5,gain,0.9574317743204723,0.899170323633244,0.9861479923624369,0.08697766872919288,0.6698437833350855,1.151425054219258
w,Trina_monoSi,123,5,tree,0.8995399246159161,0.899170323633244,0.9861479923624369,0.08697766872919288,0.00424937789288073,1.151425054219258
w,Trina_monoSi,123,5,mlp,0.9356083954920837,0.899170323633244,0.9861479923624369,0.08697766872919288,0.41893594518255683,1.151425054219258
w,Trina_monoSi,123,10,gain,0.9521542450845771,0.899170323633244,0.9861479923624369,0.08697766872919288,0.6091669531440291,1.1869506388802191
w,Trina_monoSi,123,10,tree,0.9000822944894298,0.899170323633244,0.9861479923624369,0.08697766872919288,0.010485114966983271,1.1869506388802191
w,Trina_monoSi,123,10,mlp,0.9356514131528315,0.899170323633244,0.9861479923624369,0.08697766872919288,0.4194305280033692,1.1869506388802191
w,Trina_monoSi,123,20,gain,0.952560672427316,0.899170323633244,0.9861479923624369,0.08697766872919288,0.6138397312108258,1.1852929007835735
w,Trina_monoSi,123,20,tree,0.9019600719631246,0.899170323633244,0.9861479923624369,0.08697766872919288,0.03207430563086829,1.1852929007835735
w,Trina_monoSi,123,20,mlp,0.9355984321591724,0.899170323633244,0.9861479923624369,0.08697766872919288,0.4188213947116493,1.1852929007835735
w,Trina_monoSi,123,40,gain,0.9528940352717197,0.899170323633244,0.9861479923624369,0.08697766872919288,0.617672471835797,1.183882846147825
w,Trina_monoSi,123,40,tree,0.9028826277685118,0.899170323633244,0.9861479923624369,0.08697766872919288,0.042681117918050286,1.183882846147825
w,Trina_monoSi,123,40,mlp,0.9357325530586817,0.899170323633244,0.9861479923624369,0.08697766872919288,0.42036341005270156,1.183882846147825
w,Trina_monoSi,123,82,gain,0.9549757977698884,0.899170323633244,0.9861479923624369,0.08697766872919288,0.6416069199370715,1.1736362182465703
w,Trina_monoSi,123,82,tree,0.9073010791104256,0.899170323633244,0.9861479923624369,0.08697766872919288,0.09348095431825,1.1736362182465703
w,Trina_monoSi,123,82,mlp,0.9357352756675789,0.899170323633244,0.9861479923624369,0.08697766872919288,0.42039471244257803,1.1736362182465703
w,Trina_monoSi,123,165,gain,0.9561535529159533,0.899170323633244,0.9861479923624369,0.08697766872919288,0.6551478111022723,1.165877769772321
w,Trina_monoSi,123,165,tree,0.9151341529866699,0.899170323633244,0.9861479923624369,0.08697766872919288,0.18353940254629797,1.165877769772321
w,Trina_monoSi,123,165,mlp,0.9357581519890155,0.899170323633244,0.9861479923624369,0.08697766872919288,0.4206577261766875,1.165877769772321
w,Trina_monoSi,123,247,gain,0.9563058558043059,0.899170323633244,0.9861479923624369,0.08697766872919288,0.6568988684780093,1.1646712059565538
w,Trina_monoSi,123,247,tree,0.9225947247713333,0.899170323633244,0.9861479923624369,0.08697766872919288,0.26931511824054233,1.1646712059565538
w,Trina_monoSi,123,247,mlp,0.9553290381840338,0.899170323633244,0.9861479923624369,0.08697766872919288,0.6456681970361996,1.1646712059565538
w,AU+US pooled,42,5,gain,0.9704394445590567,0.8889485871189385,0.9881038708903238,0.09915528377138527,0.8218508821779524,1.1918951198601293
w,AU+US pooled,42,5,tree,0.8884176437356447,0.8889485871189385,0.9881038708903238,0.09915528377138527,-0.005354665561928121,1.1918951198601293
w,AU+US pooled,42,5,mlp,0.9173649315288087,0.8889485871189385,0.9881038708903238,0.09915528377138527,0.28658426791846575,1.1918951198601293
w,AU+US pooled,42,10,gain,0.9722466831549285,0.8889485871189385,0.9881038708903238,0.09915528377138527,0.8400772290465524,1.1802717184167884
w,AU+US pooled,42,10,tree,0.8901721884486768,0.8889485871189385,0.9881038708903238,0.09915528377138527,0.012340253420679775,1.1802717184167884
w,AU+US pooled,42,10,mlp,0.9175050820550277,0.8889485871189385,0.9881038708903238,0.09915528377138527,0.2879977127787729,1.1802717184167884
w,AU+US pooled,42,20,gain,0.9732292949105164,0.8889485871189385,0.9881038708903238,0.09915528377138527,0.8499870565233556,1.167513661062779
w,AU+US pooled,42,20,tree,0.8889017291883146,0.8889485871189385,0.9881038708903238,0.09915528377138527,-0.0004725711917885764,1.167513661062779
w,AU+US pooled,42,20,mlp,0.9175413220264285,0.8889485871189385,0.9881038708903238,0.09915528377138527,0.28836319982114117,1.167513661062779
w,AU+US pooled,42,40,gain,0.973197223627655,0.8889485871189385,0.9881038708903238,0.09915528377138527,0.8496636115021577,1.1555090940296742
w,AU+US pooled,42,40,tree,0.8899592323684777,0.8889485871189385,0.9881038708903238,0.09915528377138527,0.010192550624627999,1.1555090940296742
w,AU+US pooled,42,40,mlp,0.9175414313654235,0.8889485871189385,0.9881038708903238,0.09915528377138527,0.2883643025258173,1.1555090940296742
w,AU+US pooled,42,82,gain,0.9733084550385074,0.8889485871189385,0.9881038708903238,0.09915528377138527,0.8507854015532941,1.1593537050407117
w,AU+US pooled,42,82,tree,0.8907323070255747,0.8889485871189385,0.9881038708903238,0.09915528377138527,0.01798915638977705,1.1593537050407117
w,AU+US pooled,42,82,mlp,0.9175419751187851,0.8889485871189385,0.9881038708903238,0.09915528377138527,0.2883697863824599,1.1593537050407117
w,AU+US pooled,42,165,gain,0.9732490781826257,0.8889485871189385,0.9881038708903238,0.09915528377138527,0.8501865746060732,1.1569195096066738
w,AU+US pooled,42,165,tree,0.8934342378952231,0.8889485871189385,0.9881038708903238,0.09915528377138527,0.04523864594676387,1.1569195096066738
w,AU+US pooled,42,165,mlp,0.9175424479459408,0.8889485871189385,0.9881038708903238,0.09915528377138527,0.2883745549347515,1.1569195096066738
w,AU+US pooled,42,247,gain,0.9732815017178557,0.8889485871189385,0.9881038708903238,0.09915528377138527,0.8505135721597756,1.158054197421192
w,AU+US pooled,42,247,tree,0.8949548941874033,0.8889485871189385,0.9881038708903238,0.09915528377138527,0.06057475547458473,1.158054197421192
w,AU+US pooled,42,247,mlp,0.9425270593773737,0.8889485871189385,0.9881038708903238,0.09915528377138527,0.5403491394565207,1.158054197421192
w,AU+US pooled,1,5,gain,0.978381903747111,0.9055245847289852,0.9878449005007441,0.08232031577175891,0.8850466417078594,1.1638346407130737
w,AU+US pooled,1,5,tree,0.9033580016486429,0.9055245847289852,0.9878449005007441,0.08232031577175891,-0.026318935490352177,1.1638346407130737
w,AU+US pooled,1,5,mlp,0.9308283851670962,0.9055245847289852,0.9878449005007441,0.08232031577175891,0.30738220815707545,1.1638346407130737
w,AU+US pooled,1,10,gain,0.9768062532354556,0.9055245847289852,0.9878449005007441,0.08232031577175891,0.8659061598367248,1.1856010367627472
w,AU+US pooled,1,10,tree,0.9022632432658955,0.9055245847289852,0.9878449005007441,0.08232031577175891,-0.03961769865086704,1.1856010367627472
w,AU+US pooled,1,10,mlp,0.9313626160638855,0.9055245847289852,0.9878449005007441,0.08232031577175891,0.3138718685984966,1.1856010367627472
w,AU+US pooled,1,20,gain,0.9775137365201654,0.9055245847289852,0.9878449005007441,0.08232031577175891,0.8745004330495656,1.1795044402147898
w,AU+US pooled,1,20,tree,0.9046410013304202,0.9055245847289852,0.9878449005007441,0.08232031577175891,-0.010733479218116715,1.1795044402147898
w,AU+US pooled,1,20,mlp,0.9312989725629831,0.9055245847289852,0.9878449005007441,0.08232031577175891,0.3130987483753085,1.1795044402147898
w,AU+US pooled,1,40,gain,0.9779803188748181,0.9055245847289852,0.9878449005007441,0.08232031577175891,0.8801683213500227,1.173916013546681
w,AU+US pooled,1,40,tree,0.9059067978887573,0.9055245847289852,0.9878449005007441,0.08232031577175891,0.00464299919392647,1.173916013546681
w,AU+US pooled,1,40,mlp,0.9318417621198883,0.9055245847289852,0.9878449005007441,0.08232031577175891,0.31969237659231103,1.173916013546681
w,AU+US pooled,1,82,gain,0.9783704494221676,0.9055245847289852,0.9878449005007441,0.08232031577175891,0.8849074983525886,1.1646514617023094
w,AU+US pooled,1,82,tree,0.9070653294039535,0.9055245847289852,0.9878449005007441,0.08232031577175891,0.018716457298828825,1.1646514617023094
w,AU+US pooled,1,82,mlp,0.9318417734787514,0.9055245847289852,0.9878449005007441,0.08232031577175891,0.31969251457602704,1.1646514617023094
w,AU+US pooled,1,165,gain,0.9783820074423091,0.9055245847289852,0.9878449005007441,0.08232031577175891,0.8850479013628683,1.1638257950564028
w,AU+US pooled,1,165,tree,0.9099932636641874,0.9055245847289852,0.9878449005007441,0.08232031577175891,0.0542840353964633,1.1638257950564028
w,AU+US pooled,1,165,mlp,0.9318360191445885,0.9055245847289852,0.9878449005007441,0.08232031577175891,0.3196226128256633,1.1638257950564028
w,AU+US pooled,1,247,gain,0.9783632520679137,0.9055245847289852,0.9878449005007441,0.08232031577175891,0.8848200672708887,1.1583887850540449
w,AU+US pooled,1,247,tree,0.9111915585488292,0.9055245847289852,0.9878449005007441,0.08232031577175891,0.06884052577684677,1.1583887850540449
w,AU+US pooled,1,247,mlp,0.9538296867892568,0.9055245847289852,0.9878449005007441,0.08232031577175891,0.5867944213698378,1.1583887850540449
w,AU+US pooled,2,5,gain,0.97884068202213,0.9028883812925381,0.9884356483622726,0.08554726706973448,0.8878401769127101,1.168865159999644
w,AU+US pooled,2,5,tree,0.9029462236354362,0.9028883812925381,0.9884356483622726,0.08554726706973448,0.0006761448364086585,1.168865159999644
w,AU+US pooled,2,5,mlp,0.9300769877489126,0.9028883812925381,0.9884356483622726,0.08554726706973448,0.31781969649844516,1.168865159999644
w,AU+US pooled,2,10,gain,0.9784951792361545,0.9028883812925381,0.9884356483622726,0.08554726706973448,0.8838014413947897,1.1539201680380382
w,AU+US pooled,2,10,tree,0.9028466636754731,0.9028883812925381,0.9884356483622726,0.08554726706973448,-0.00048765575446210296,1.1539201680380382
w,AU+US pooled,2,10,mlp,0.9300764479719809,0.9028883812925381,0.9884356483622726,0.08554726706973448,0.31781338680615223,1.1539201680380382
w,AU+US pooled,2,20,gain,0.9787382147319277,0.9028883812925381,0.9884356483622726,0.08554726706973448,0.8866423912474026,1.1586437203936786
w,AU+US pooled,2,20,tree,0.9037762360583392,0.9028883812925381,0.9884356483622726,0.08554726706973448,0.010378528691949553,1.1586437203936786
w,AU+US pooled,2,20,mlp,0.9301332007966926,0.9028883812925381,0.9884356483622726,0.08554726706973448,0.3184767957805789,1.1586437203936786
w,AU+US pooled,2,40,gain,0.9788130944151402,0.9028883812925381,0.9884356483622726,0.08554726706973448,0.8875176931217627,1.1701298119046697
w,AU+US pooled,2,40,tree,0.9047148331967236,0.9028883812925381,0.9884356483622726,0.08554726706973448,0.021350207513895977,1.1701298119046697
w,AU+US pooled,2,40,mlp,0.9302297798734808,0.9028883812925381,0.9884356483622726,0.08554726706973448,0.31960575150407905,1.1701298119046697
w,AU+US pooled,2,82,gain,0.9777838032886984,0.9028883812925381,0.9884356483622726,0.08554726706973448,0.8754858519923112,1.1457591479051434
w,AU+US pooled,2,82,tree,0.9041124313988858,0.9028883812925381,0.9884356483622726,0.08554726706973448,0.01430846534641295,1.1457591479051434
w,AU+US pooled,2,82,mlp,0.9302296159155268,0.9028883812925381,0.9884356483622726,0.08554726706973448,0.3196038349267341,1.1457591479051434
w,AU+US pooled,2,165,gain,0.9782100254645397,0.9028883812925381,0.9884356483622726,0.08554726706973448,0.8804681523093264,1.1501218740534254
w,AU+US pooled,2,165,tree,0.9063124331138226,0.9028883812925381,0.9884356483622726,0.08554726706973448,0.04002526250772368,1.1501218740534254
w,AU+US pooled,2,165,mlp,0.9302294048544258,0.9028883812925381,0.9884356483622726,0.08554726706973448,0.319601367739784,1.1501218740534254
w,AU+US pooled,2,247,gain,0.9786062125828611,0.9028883812925381,0.9884356483622726,0.08554726706973448,0.8850993594991293,1.1557906618027283
w,AU+US pooled,2,247,tree,0.9091742684057694,0.9028883812925381,0.9884356483622726,0.08554726706973448,0.07347852629947041,1.1557906618027283
w,AU+US pooled,2,247,mlp,0.9523169825089325,0.9028883812925381,0.9884356483622726,0.08554726706973448,0.5777928729868399,1.1557906618027283
w,AU+US pooled,7,5,gain,0.9697323531181556,0.8919712107976359,0.9921155505744185,0.10014433977678261,0.776490638351064,1.2224887090926886
w,AU+US pooled,7,5,tree,0.8919783033320966,0.8919712107976359,0.9921155505744185,0.10014433977678261,7.082311867599023e-05,1.2224887090926886
w,AU+US pooled,7,5,mlp,0.923207413222614,0.8919712107976359,0.9921155505744185,0.10014433977678261,0.3119118114373942,1.2224887090926886
w,AU+US pooled,7,10,gain,0.9726771693563501,0.8919712107976359,0.9921155505744185,0.10014433977678261,0.8058963565849482,1.2146390380842862
w,AU+US pooled,7,10,tree,0.8922399538681538,0.8919712107976359,0.9921155505744185,0.10014433977678261,0.0026835572646138283,1.2146390380842862
w,AU+US pooled,7,10,mlp,0.9230829997372233,0.8919712107976359,0.9921155505744185,0.10014433977678261,0.31066946977666704,1.2146390380842862
w,AU+US pooled,7,20,gain,0.9776418124349054,0.8919712107976359,0.9921155505744185,0.10014433977678261,0.8554712311072762,1.1975820757517974
w,AU+US pooled,7,20,tree,0.8918881172619489,0.8919712107976359,0.9921155505744185,0.10014433977678261,-0.0008297377153030285,1.1975820757517974
w,AU+US pooled,7,20,mlp,0.9236086174410869,0.8919712107976359,0.9921155505744185,0.10014433977678261,0.31591807099601893,1.1975820757517974
w,AU+US pooled,7,40,gain,0.9794293754307396,0.8919712107976359,0.9921155505744185,0.10014433977678261,0.8733210966095957,1.1888140564085103
w,AU+US pooled,7,40,tree,0.8936497259202746,0.8919712107976359,0.9921155505744185,0.10014433977678261,0.016760958496307043,1.1888140564085103
w,AU+US pooled,7,40,mlp,0.9238498100450507,0.8919712107976359,0.9921155505744185,0.10014433977678261,0.31832652068475253,1.1888140564085103
w,AU+US pooled,7,82,gain,0.9814200126233631,0.8919712107976359,0.9921155505744185,0.10014433977678261,0.893198777136129,1.1542593709589812
w,AU+US pooled,7,82,tree,0.8940921324038213,0.8919712107976359,0.9921155505744185,0.10014433977678261,0.021178646850265635,1.1542593709589812
w,AU+US pooled,7,82,mlp,0.9241196706255143,0.8919712107976359,0.9921155505744185,0.10014433977678261,0.32102123694195717,1.1542593709589812
w,AU+US pooled,7,165,gain,0.9816606846762234,0.8919712107976359,0.9921155505744185,0.10014433977678261,0.8956020288166205,1.1607242555387807
w,AU+US pooled,7,165,tree,0.8976870760785656,0.8919712107976359,0.9921155505744185,0.10014433977678261,0.05707626904995456,1.1607242555387807
w,AU+US pooled,7,165,mlp,0.9241337353408433,0.8919712107976359,0.9921155505744185,0.10014433977678261,0.3211616813780621,1.1607242555387807
w,AU+US pooled,7,247,gain,0.9815548313111515,0.8919712107976359,0.9921155505744185,0.10014433977678261,0.8945450208488434,1.156958998971966
w,AU+US pooled,7,247,tree,0.8993675837014293,0.8919712107976359,0.9921155505744185,0.10014433977678261,0.07385712383026004,1.156958998971966
w,AU+US pooled,7,247,mlp,0.9497604628968191,0.8919712107976359,0.9921155505744185,0.10014433977678261,0.5770595944612849,1.156958998971966
w,AU+US pooled,123,5,gain,0.9735225408886252,0.9116676601510377,0.9861479923624369,0.07448033221139916,0.8304861015123218,1.1553923579845486
w,AU+US pooled,123,5,tree,0.9110535784226131,0.9116676601510377,0.9861479923624369,0.07448033221139916,-0.008244884390171963,1.1553923579845486
w,AU+US pooled,123,5,mlp,0.9345556404394789,0.9116676601510377,0.9861479923624369,0.07448033221139916,0.3073023388708543,1.1553923579845486
w,AU+US pooled,123,10,gain,0.9703415621095178,0.9116676601510377,0.9861479923624369,0.07448033221139916,0.7877771247306562,1.1820449526865793
w,AU+US pooled,123,10,tree,0.9117001506252951,0.9116676601510377,0.9861479923624369,0.07448033221139916,0.00043622891161566407,1.1820449526865793
w,AU+US pooled,123,10,mlp,0.9347372144636515,0.9116676601510377,0.9861479923624369,0.07448033221139916,0.30974021768773796,1.1820449526865793
w,AU+US pooled,123,20,gain,0.9697575742576332,0.9116676601510377,0.9861479923624369,0.07448033221139916,0.7799362916604292,1.1849179617058216
w,AU+US pooled,123,20,tree,0.9119061177454967,0.9116676601510377,0.9861479923624369,0.07448033221139916,0.003201618298131812,1.1849179617058216
w,AU+US pooled,123,20,mlp,0.9346900035143405,0.9116676601510377,0.9861479923624369,0.07448033221139916,0.3091063463299003,1.1849179617058216
w,AU+US pooled,123,40,gain,0.9708508046112666,0.9116676601510377,0.9861479923624369,0.07448033221139916,0.7946143995739448,1.1793272100190673
w,AU+US pooled,123,40,tree,0.9125946405585276,0.9116676601510377,0.9861479923624369,0.07448033221139916,0.012445975735698554,1.1793272100190673
w,AU+US pooled,123,40,mlp,0.9348374387729885,0.9116676601510377,0.9861479923624369,0.07448033221139916,0.31108586567776725,1.1793272100190673
w,AU+US pooled,123,82,gain,0.9714604496053989,0.9116676601510377,0.9861479923624369,0.07448033221139916,0.8027997147575817,1.1757289054797908
w,AU+US pooled,123,82,tree,0.9137589207585115,0.9116676601510377,0.9861479923624369,0.07448033221139916,0.028078024699703358,1.1757289054797908
w,AU+US pooled,123,82,mlp,0.9348374909186554,0.9116676601510377,0.9861479923624369,0.07448033221139916,0.3110865658044362,1.1757289054797908
w,AU+US pooled,123,165,gain,0.9725314885963673,0.9116676601510377,0.9861479923624369,0.07448033221139916,0.8171798733735293,1.1679096659521009
w,AU+US pooled,123,165,tree,0.9143245097583393,0.9116676601510377,0.9861479923624369,0.07448033221139916,0.03567182809765966,1.1679096659521009
w,AU+US pooled,123,165,mlp,0.9348375645528479,0.9116676601510377,0.9861479923624369,0.07448033221139916,0.31108755444385733,1.1679096659521009
w,AU+US pooled,123,247,gain,0.9725212454341916,0.9116676601510377,0.9861479923624369,0.07448033221139916,0.8170423449566768,1.167998733648633
w,AU+US pooled,123,247,tree,0.9179566259468847,0.9116676601510377,0.9861479923624369,0.07448033221139916,0.0844379396428686,1.167998733648633
w,AU+US pooled,123,247,mlp,0.9546565334088843,0.9116676601510377,0.9861479923624369,0.07448033221139916,0.5771842308091532,1.167998733648633
