seed,source,target,type,R2,gap
42,Calyxo_CdTe,Calyxo_CdTe,within,0.9561279681349709,0.0
42,Kyocera_polySi,Kyocera_polySi,within,0.9490762990451852,0.0
42,NIST_Ground_monoSi,NIST_Ground_monoSi,within,0.9787564431802899,0.0
42,Trina_monoSi,Trina_monoSi,within,0.9212738791000534,0.0
42,Calyxo_CdTe,Kyocera_polySi,cross-technology,0.9479165514996739,0.0011597475455112916
42,Calyxo_CdTe,NIST_Ground_monoSi,cross-climate,0.964070350072277,0.014686093108012832
42,Calyxo_CdTe,Trina_monoSi,cross-technology,0.9172046128191352,0.004069266280918193
42,Kyocera_polySi,Calyxo_CdTe,cross-technology,0.9554562429111932,0.000671725223777675
42,Kyocera_polySi,NIST_Ground_monoSi,cross-climate,0.9415269544583204,0.03722948872196952
42,Kyocera_polySi,Trina_monoSi,cross-technology,0.9178583204400715,0.0034155586599818877
42,NIST_Ground_monoSi,Calyxo_CdTe,cross-climate,0.947055575828021,0.009072392306949895
42,NIST_Ground_monoSi,Kyocera_polySi,cross-climate,0.924556249739715,0.02452004930547025
42,NIST_Ground_monoSi,Trina_monoSi,cross-climate,0.8933722949636597,0.027901584136393764
42,Trina_monoSi,Calyxo_CdTe,cross-technology,0.9525280897819313,0.003599878353039654
42,Trina_monoSi,Kyocera_polySi,cross-technology,0.9458130706552789,0.0032632283899063363
42,Trina_monoSi,NIST_Ground_monoSi,cross-climate,0.9431372790712832,0.035619164109006674
1,Calyxo_CdTe,Calyxo_CdTe,within,0.9570656220070797,0.0
1,Kyocera_polySi,Kyocera_polySi,within,0.9497946309138103,0.0
1,NIST_Ground_monoSi,NIST_Ground_monoSi,within,0.9806148868165465,0.0
1,Trina_monoSi,Trina_monoSi,within,0.9136310355079941,0.0
1,Calyxo_CdTe,Kyocera_polySi,cross-technology,0.9478700138157554,0.0019246170980549149
1,Calyxo_CdTe,NIST_Ground_monoSi,cross-climate,0.9640711006779744,0.016543786138572103
1,Calyxo_CdTe,Trina_monoSi,cross-technology,0.9171968206053959,-0.003565785097401797
1,Kyocera_polySi,Calyxo_CdTe,cross-technology,0.9554778744596903,0.0015877475473893288
1,Kyocera_polySi,NIST_Ground_monoSi,cross-climate,0.9414486801126808,0.039166206703865725
1,Kyocera_polySi,Trina_monoSi,cross-technology,0.9179433314984791,-0.004312295990484993
1,NIST_Ground_monoSi,Calyxo_CdTe,cross-climate,0.9470801706737106,0.009985451333369033
1,NIST_Ground_monoSi,Kyocera_polySi,cross-climate,0.9246172606020611,0.02517737031174927
1,NIST_Ground_monoSi,Trina_monoSi,cross-climate,0.8934267122803644,0.02020432322762966
1,Trina_monoSi,Calyxo_CdTe,cross-technology,0.9525534409567615,0.0045121810503181425
1,Trina_monoSi,Kyocera_polySi,cross-technology,0.9458389624556192,0.003955668458191175
1,Trina_monoSi,NIST_Ground_monoSi,cross-climate,0.9431625825391512,0.03745230427739532
2,Calyxo_CdTe,Calyxo_CdTe,within,0.9594463810149072,0.0
2,Kyocera_polySi,Kyocera_polySi,within,0.9481584427688667,0.0
2,NIST_Ground_monoSi,NIST_Ground_monoSi,within,0.9754683234912453,0.0
2,Trina_monoSi,Trina_monoSi,within,0.9287392973289799,0.0
2,Calyxo_CdTe,Kyocera_polySi,cross-technology,0.9479684509333322,0.00018999183553458643
2,Calyxo_CdTe,NIST_Ground_monoSi,cross-climate,0.9640754595418751,0.011392863949370224
2,Calyxo_CdTe,Trina_monoSi,cross-technology,0.9173345987104466,0.011404698618533216
2,Kyocera_polySi,Calyxo_CdTe,cross-technology,0.9554194737648859,0.0040269072500213055
2,Kyocera_polySi,NIST_Ground_monoSi,cross-climate,0.9415140655289775,0.03395425796226781
2,Kyocera_polySi,Trina_monoSi,cross-technology,0.9178613036652149,0.010877993663764962
2,NIST_Ground_monoSi,Calyxo_CdTe,cross-climate,0.9471131052409306,0.012333275773976582
2,NIST_Ground_monoSi,Kyocera_polySi,cross-climate,0.9246294727471829,0.02352897002168386
2,NIST_Ground_monoSi,Trina_monoSi,cross-climate,0.8934049050011126,0.03533439232786728
2,Trina_monoSi,Calyxo_CdTe,cross-technology,0.9525492135237629,0.006897167491144329
2,Trina_monoSi,Kyocera_polySi,cross-technology,0.9458565416089099,0.002301901159956876
2,Trina_monoSi,NIST_Ground_monoSi,cross-climate,0.9431706506753013,0.03229767281594409
7,Calyxo_CdTe,Calyxo_CdTe,within,0.9590104334528353,0.0
7,Kyocera_polySi,Kyocera_polySi,within,0.9449543853339443,0.0
7,NIST_Ground_monoSi,NIST_Ground_monoSi,within,0.9818380660147509,0.0
7,Trina_monoSi,Trina_monoSi,within,0.8945383662041835,0.0
7,Calyxo_CdTe,Kyocera_polySi,cross-technology,0.9479961099708779,-0.0030417246369336404
7,Calyxo_CdTe,NIST_Ground_monoSi,cross-climate,0.9640897088070632,0.017748357207687637
7,Calyxo_CdTe,Trina_monoSi,cross-technology,0.9172581607971724,-0.022719794592988896
7,Kyocera_polySi,Calyxo_CdTe,cross-technology,0.9554265038687665,0.0035839295840688346
7,Kyocera_polySi,NIST_Ground_monoSi,cross-climate,0.9414904927189042,0.040347573295846706
7,Kyocera_polySi,Trina_monoSi,cross-technology,0.917938488207655,-0.023400122003471524
7,NIST_Ground_monoSi,Calyxo_CdTe,cross-climate,0.947153739711606,0.01185669374122933
7,NIST_Ground_monoSi,Kyocera_polySi,cross-climate,0.9246830868599201,0.020271298474024202
7,NIST_Ground_monoSi,Trina_monoSi,cross-climate,0.893473948083801,0.0010644181203824932
7,Trina_monoSi,Calyxo_CdTe,cross-technology,0.9526177373053379,0.006392696147497379
7,Trina_monoSi,Kyocera_polySi,cross-technology,0.9459194872955928,-0.0009651019616485623
7,Trina_monoSi,NIST_Ground_monoSi,cross-climate,0.9431309056439077,0.03870716037084321
123,Calyxo_CdTe,Calyxo_CdTe,within,0.9590026711378091,0.0
123,Kyocera_polySi,Kyocera_polySi,within,0.9508405713634621,0.0
123,NIST_Ground_monoSi,NIST_Ground_monoSi,within,0.9795456823335993,0.0
123,Trina_monoSi,Trina_monoSi,within,0.9211440409479081,0.0
123,Calyxo_CdTe,Kyocera_polySi,cross-technology,0.9479379029296298,0.002902668433832356
123,Calyxo_CdTe,NIST_Ground_monoSi,cross-climate,0.9640102419098973,0.01553544042370203
123,Calyxo_CdTe,Trina_monoSi,cross-technology,0.9173034105109933,0.003840630436914849
123,Kyocera_polySi,Calyxo_CdTe,cross-technology,0.9554893545023162,0.0035133166354929246
123,Kyocera_polySi,NIST_Ground_monoSi,cross-climate,0.9413755761201961,0.03817010621340322
123,Kyocera_polySi,Trina_monoSi,cross-technology,0.9179233650327707,0.0032206759151374165
123,NIST_Ground_monoSi,Calyxo_CdTe,cross-climate,0.9470881379557881,0.01191453318202107
123,NIST_Ground_monoSi,Kyocera_polySi,cross-climate,0.9245938767324685,0.026246694630993606
123,NIST_Ground_monoSi,Trina_monoSi,cross-climate,0.8933811428882821,0.027762898059626062
123,Trina_monoSi,Calyxo_CdTe,cross-technology,0.9525259739857173,0.00647669715209187
123,Trina_monoSi,Kyocera_polySi,cross-technology,0.9458694378568626,0.004971133506599501
123,Trina_monoSi,NIST_Ground_monoSi,cross-climate,0.9431776202192323,0.03636806211436694
